-- phpMyAdmin SQL Dump
-- version 5.2.1
-- https://www.phpmyadmin.net/
--
-- Hôte : 127.0.0.1:3306
-- Généré le : mar. 08 juil. 2025 à 07:49
-- Version du serveur : 8.3.0
-- Version de PHP : 8.2.18

SET SQL_MODE = "NO_AUTO_VALUE_ON_ZERO";
START TRANSACTION;
SET time_zone = "+00:00";


/*!40101 SET @OLD_CHARACTER_SET_CLIENT=@@CHARACTER_SET_CLIENT */;
/*!40101 SET @OLD_CHARACTER_SET_RESULTS=@@CHARACTER_SET_RESULTS */;
/*!40101 SET @OLD_COLLATION_CONNECTION=@@COLLATION_CONNECTION */;
/*!40101 SET NAMES utf8mb4 */;

--
-- Base de données : `knowledgelearning`
--

-- --------------------------------------------------------

--
-- Structure de la table `cart_item`
--

DROP TABLE IF EXISTS `cart_item`;
CREATE TABLE IF NOT EXISTS `cart_item` (
  `id` int NOT NULL AUTO_INCREMENT,
  `user_id` int DEFAULT NULL,
  `lesson_id` int DEFAULT NULL,
  `cursus_id` int DEFAULT NULL,
  `created_at` datetime NOT NULL COMMENT '(DC2Type:datetime_immutable)',
  `updated_at` datetime DEFAULT NULL COMMENT '(DC2Type:datetime_immutable)',
  PRIMARY KEY (`id`),
  KEY `IDX_F0FE2527A76ED395` (`user_id`),
  KEY `IDX_F0FE2527CDF80196` (`lesson_id`),
  KEY `IDX_F0FE252740AEF4B9` (`cursus_id`)
) ENGINE=InnoDB AUTO_INCREMENT=39 DEFAULT CHARSET=utf8mb4 COLLATE=utf8mb4_unicode_ci;

--
-- Déchargement des données de la table `cart_item`
--

INSERT INTO `cart_item` (`id`, `user_id`, `lesson_id`, `cursus_id`, `created_at`, `updated_at`) VALUES
(1, NULL, 5, NULL, '2025-06-27 11:51:44', NULL),
(2, NULL, NULL, 4, '2025-06-27 11:56:38', NULL);

-- --------------------------------------------------------

--
-- Structure de la table `cursus`
--

DROP TABLE IF EXISTS `cursus`;
CREATE TABLE IF NOT EXISTS `cursus` (
  `id` int NOT NULL AUTO_INCREMENT,
  `theme_id` int NOT NULL,
  `name` varchar(255) COLLATE utf8mb4_unicode_ci NOT NULL,
  `price` double NOT NULL,
  `created_by_id` int DEFAULT NULL,
  `updated_by_id` int DEFAULT NULL,
  `created_at` datetime NOT NULL COMMENT '(DC2Type:datetime_immutable)',
  `updated_at` datetime DEFAULT NULL COMMENT '(DC2Type:datetime_immutable)',
  `image` varchar(255) COLLATE utf8mb4_unicode_ci DEFAULT NULL,
  PRIMARY KEY (`id`),
  KEY `IDX_255A0C359027487` (`theme_id`),
  KEY `IDX_255A0C3B03A8386` (`created_by_id`),
  KEY `IDX_255A0C3896DBBDE` (`updated_by_id`)
) ENGINE=InnoDB AUTO_INCREMENT=10 DEFAULT CHARSET=utf8mb4 COLLATE=utf8mb4_unicode_ci;

--
-- Déchargement des données de la table `cursus`
--

INSERT INTO `cursus` (`id`, `theme_id`, `name`, `price`, `created_by_id`, `updated_by_id`, `created_at`, `updated_at`, `image`) VALUES
(4, 5, 'Initiation à la guitare', 50, 32, 32, '2025-06-24 13:59:47', NULL, 'cursus_685aaf53dc36f.jpg'),
(5, 9, 'Initiation au jardinage', 30, 32, 32, '2025-06-24 14:06:22', NULL, NULL),
(6, 5, 'Initiation au piano', 50, 32, 32, '2025-06-25 08:52:09', NULL, 'cursus_685bb8b993536.jpg'),
(7, 7, 'Initiation au développement WEB', 60, 32, 32, '2025-06-25 08:56:10', NULL, 'cursus_685bb9aab70c1.jpg'),
(8, 8, 'Initiation à la cuisine', 44, 32, 32, '2025-06-25 09:02:51', NULL, 'cursus_685bbb3b2a5f1.jpg'),
(9, 8, 'Initiation à l\'art du dressage culinaire', 48, 32, 32, '2025-06-25 09:05:46', NULL, 'cursus_685bbbea3f79d.jpg');

-- --------------------------------------------------------

--
-- Structure de la table `doctrine_migration_versions`
--

DROP TABLE IF EXISTS `doctrine_migration_versions`;
CREATE TABLE IF NOT EXISTS `doctrine_migration_versions` (
  `version` varchar(191) COLLATE utf8mb3_unicode_ci NOT NULL,
  `executed_at` datetime DEFAULT NULL,
  `execution_time` int DEFAULT NULL,
  PRIMARY KEY (`version`)
) ENGINE=InnoDB DEFAULT CHARSET=utf8mb3 COLLATE=utf8mb3_unicode_ci;

--
-- Déchargement des données de la table `doctrine_migration_versions`
--

INSERT INTO `doctrine_migration_versions` (`version`, `executed_at`, `execution_time`) VALUES
('DoctrineMigrations\\Version20250604084345', '2025-06-04 08:44:21', 119),
('DoctrineMigrations\\Version20250611123815', '2025-06-11 12:39:54', 80),
('DoctrineMigrations\\Version20250617140845', '2025-06-17 14:08:56', 134),
('DoctrineMigrations\\Version20250619092646', '2025-06-19 09:26:58', 689),
('DoctrineMigrations\\Version20250620115655', '2025-06-20 11:57:03', 91),
('DoctrineMigrations\\Version20250624080041', '2025-06-24 08:00:49', 68),
('DoctrineMigrations\\Version20250626192037', '2025-06-26 19:20:49', 163),
('DoctrineMigrations\\Version20250626192745', '2025-06-26 19:27:53', 47),
('DoctrineMigrations\\Version20250626203746', '2025-06-26 20:37:57', 51),
('DoctrineMigrations\\Version20250627101327', '2025-06-27 10:13:37', 181),
('DoctrineMigrations\\Version20250701093421', '2025-07-01 12:38:52', 245),
('DoctrineMigrations\\Version20250701093433', '2025-07-01 12:43:03', 261),
('DoctrineMigrations\\Version20250701125114', '2025-07-01 12:51:28', 207),
('DoctrineMigrations\\Version20250701125702', '2025-07-01 12:57:11', 193),
('DoctrineMigrations\\Version20250701130744', '2025-07-01 13:07:53', 435),
('DoctrineMigrations\\Version20250704083251', '2025-07-04 08:33:05', 92),
('DoctrineMigrations\\Version20250704090216', '2025-07-04 09:02:27', 229);

-- --------------------------------------------------------

--
-- Structure de la table `lesson`
--

DROP TABLE IF EXISTS `lesson`;
CREATE TABLE IF NOT EXISTS `lesson` (
  `id` int NOT NULL AUTO_INCREMENT,
  `cursus_id` int NOT NULL,
  `name` varchar(255) COLLATE utf8mb4_unicode_ci NOT NULL,
  `price` double NOT NULL,
  `content_text` longtext COLLATE utf8mb4_unicode_ci NOT NULL,
  `created_by_id` int DEFAULT NULL,
  `updated_by_id` int DEFAULT NULL,
  `created_at` datetime NOT NULL COMMENT '(DC2Type:datetime_immutable)',
  `updated_at` datetime DEFAULT NULL COMMENT '(DC2Type:datetime_immutable)',
  `description` longtext COLLATE utf8mb4_unicode_ci,
  `image` varchar(255) COLLATE utf8mb4_unicode_ci DEFAULT NULL,
  `video_filename` varchar(255) COLLATE utf8mb4_unicode_ci DEFAULT NULL,
  PRIMARY KEY (`id`),
  KEY `IDX_F87474F340AEF4B9` (`cursus_id`),
  KEY `IDX_F87474F3B03A8386` (`created_by_id`),
  KEY `IDX_F87474F3896DBBDE` (`updated_by_id`)
) ENGINE=InnoDB AUTO_INCREMENT=17 DEFAULT CHARSET=utf8mb4 COLLATE=utf8mb4_unicode_ci;

--
-- Déchargement des données de la table `lesson`
--

INSERT INTO `lesson` (`id`, `cursus_id`, `name`, `price`, `content_text`, `created_by_id`, `updated_by_id`, `created_at`, `updated_at`, `description`, `image`, `video_filename`) VALUES
(5, 4, 'Leçon n°1 : Découverte de l\'instrument', 26, '<p><strong>Circa hos dies Lollianus primae lanuginis adulescens, Lampadi filius ex praefecto, exploratius causam Maximino spectante, convictus codicem noxiarum artium nondum per aetatem firmato consilio descripsisse, exulque mittendus, ut sperabatur, patris inpulsu provocavit ad principem, et iussus ad eius comitatum duci, de fumo, ut aiunt, in flammam traditus Phalangio Baeticae consulari cecidit funesti carnificis manu.</strong></p>\r\n\r\n<p>Eius populus ab incunabulis primis ad usque pueritiae tempus extremum, quod annis circumcluditur fere trecentis, circummurana pertulit bella, deinde aetatem ingressus adultam post multiplices bellorum aerumnas Alpes transcendit et fretum, in iuvenem erectus et virum ex omni plaga quam orbis ambit inmensus, reportavit laureas et triumphos, iamque vergens in senium et nomine solo aliquotiens vincens ad tranquilliora vitae discessit.</p>\r\n\r\n<p>Has autem provincias, quas Orontes ambiens amnis imosque pedes Cassii montis illius celsi praetermeans funditur in Parthenium mare, Gnaeus Pompeius superato Tigrane regnis Armeniorum abstractas dicioni Romanae coniunxit.</p>', 32, 32, '2025-06-24 13:59:47', '2025-06-27 09:13:46', '<p>Has autem provincias, quas Orontes ambiens amnis imosque pedes Cassii montis illius celsi praetermeans funditur in Parthenium mare, Gnaeus Pompeius superato Tigrane regnis Armeniorum abstractas dicioni Romanae coniunxit.</p>\r\n\r\n<p>Hinc ille commotus ut iniusta perferens et indigna praefecti custodiam protectoribus mandaverat fidis. quo conperto Montius tunc quaestor acer quidem sed ad lenitatem propensior, consulens in commune advocatos palatinarum primos scholarum adlocutus est mollius docens nec decere haec fieri nec prodesse addensque vocis obiurgatorio sonu quod si id placeret, post statuas Constantii deiectas super adimenda vita praefecto conveniet securius cogitari.</p>\r\n\r\n<p>Sed tamen haec cum ita tutius observentur, quidam vigore artuum inminuto rogati ad nuptias ubi aurum dextris manibus cavatis offertur, inpigre vel usque Spoletium pergunt. haec nobilium sunt instituta.</p>\r\n\r\n<p>Verum ad istam omnem orationem brevis est defensio. Nam quoad aetas M. Caeli dare potuit isti suspicioni locum, fuit primum ipsius pudore, deinde etiam patris diligentia disciplinaque munita. Qui ut huic virilem togam dedit&scaron;nihil dicam hoc loco de me; tantum sit, quantum vos existimatis; hoc dicam, hunc a patre continuo ad me esse deductum; nemo hunc M. Caelium in illo aetatis flore vidit nisi aut cum patre aut mecum aut in M. Crassi castissima domo, cum artibus honestissimis erudiretur.</p>\r\n\r\n<p>Superatis Tauri montis verticibus qui ad solis ortum sublimius attolluntur, Cilicia spatiis porrigitur late distentis dives bonis omnibus terra, eiusque lateri dextro adnexa Isauria, pari sorte uberi palmite viget et frugibus minutis, quam mediam navigabile flumen Calycadnus interscindit.</p>\r\n\r\n<p>Post emensos insuperabilis expeditionis eventus languentibus partium animis, quas periculorum varietas fregerat et laborum, nondum tubarum cessante clangore vel milite locato per stationes hibernas, fortunae saevientis procellae tempestates alias rebus infudere communibus per multa illa et dira facinora Caesaris Galli, qui ex squalore imo miseriarum in aetatis adultae primitiis ad principale culmen insperato saltu provectus ultra terminos potestatis delatae procurrens asperitate nimia cuncta foedabat. propinquitate enim regiae stirpis gentilitateque etiam tum Constantini nominis efferebatur in fastus, si plus valuisset, ausurus hostilia in auctorem suae felicitatis, ut videbatur.</p>\r\n\r\n<p>Mensarum enim voragines et varias voluptatum inlecebras, ne longius progrediar, praetermitto illuc transiturus quod quidam per ampla spatia urbis subversasque silices sine periculi metu properantes equos velut publicos signatis quod dicitur calceis agitant, familiarium agmina tamquam praedatorios globos post terga trahentes ne Sannione quidem, ut ait comicus, domi relicto. quos imitatae matronae complures opertis capitibus et basternis per latera civitatis cuncta discurrunt.</p>\r\n\r\n<p>Advenit post multos Scudilo Scutariorum tribunus velamento subagrestis ingenii persuasionis opifex callidus. qui eum adulabili sermone seriis admixto solus omnium proficisci pellexit vultu adsimulato saepius replicando quod flagrantibus votis eum videre frater cuperet patruelis, siquid per inprudentiam gestum est remissurus ut mitis et clemens, participemque eum suae maiestatis adscisceret, futurum laborum quoque socium, quos Arctoae provinciae diu fessae poscebant.</p>\r\n\r\n<p><strong>Illud tamen te esse admonitum volo, primum ut qualis es talem te esse omnes existiment ut, quantum a rerum turpitudine abes, tantum te a verborum libertate seiungas; deinde ut ea in alterum ne dicas, quae cum tibi falso responsa sint, erubescas. Quis est enim, cui via ista non pateat, qui isti aetati atque etiam isti dignitati non possit quam velit petulanter, etiamsi sine ulla suspicione, at non sine argumento male dicere? Sed istarum partium culpa est eorum, qui te agere voluerunt; laus pudoris tui, quod ea te invitum dicere videbamus, ingenii, quod ornate politeque dixisti.</strong></p>\r\n\r\n<p>Itaque tum Scaevola cum in eam ipsam <em>mentionem incidisset, exposuit nobis sermonem Lae</em>li de amicitia habitum ab illo secum et cum altero genero, C. Fannio Marci filio, paucis diebus post mortem Africani. Eius d<s>isputationis sententias memoriae m</s>andavi, quas hoc libro exposui arbitratu meo; quasi enim ipsos induxi loquentes, ne &#39;inquam&#39; et &#39;inquit&#39; saepius interponeretur, atque ut tamquam a praesentibus coram haberi sermo videretur.</p>', 'lesson_685aaf53dc99c.jpg', '2019-0302-OF-COURSE-LE-MANS-Animation-Teaser-V2-685e60cabd335.mp4'),
(6, 5, 'Leçon n°1 : Les outils du jardinier', 16, '<p>Ibi victu re<strong>creati et quiete, postquam abierat timor, vi</strong>cos opulentos adorti e<em>questrium adventu cohort</em>ium, quae casu propinquabant, nec resistere planitie porrecta conati digressi sunt retroque concedentes omne iuventutis robur relictum in sedibus acciverunt.</p>\r\n\r\n<p>Cum haec taliaque sollicitas eius aures everberarent expositas semper eius modi rumoribus et patentes, varia animo tum miscente consilia, tandem id ut optimum factu elegit: et Vrsicinum primum<s> ad se venire summo c</s>um honore mandavit ea specie ut pro rerum tunc urgentium captu disponeretur concordi consilio, quibus virium incrementis Parthicarum gentium a arma minantium impetus frangerentur.</p>\r\n\r\n<p>Hanc regionem praestitutis celebritati diebus invadere parans dux ante edictus per solitudines Aboraeque amnis herbidas ripas, suorum indicio proditus, qui admissi flagitii metu exagitati ad praesidia descivere Romana. absque ullo egressus effectu deinde tabescebat immobilis.</p>\r\n\r\n<p>Ex turba vero imae sortis et paupertinae in tabernis aliqui pernoctant vinariis, non nulli velariis umbraculorum theatralium latent, quae Campanam imitatus lasciviam Catulus in aedilitate sua suspendit omnium primus; aut pugnaciter aleis certant turpi sono fragosis naribus introrsum reducto spiritu concrepantes; aut quod est studiorum omnium maximum ab ortu lucis ad vesperam sole fatiscunt vel pluviis, per minutias aurigarum equorumque praecipua vel delicta scrutantes.</p>\r\n\r\n<p>Haec ubi latius fama vulgasset missaeque relationes adsiduae Gallum Caesarem permovissent, quoniam magister equitum longius ea tempestate distinebatur, iussus comes orientis Nebridius contractis undique militaribus copiis ad eximendam periculo civitatem amplam et oportunam studio properabat ingenti, quo cognito abscessere latrones nulla re amplius memorabili gesta, dispersique ut solent avia montium petiere celsorum.</p>\r\n\r\n<p>Quam ob rem circumspecta cautela observatum est deinceps et cum edita montium petere coeperint grassatores, loci iniquitati milites cedunt. ubi autem in planitie potuerint reperiri, quod contingit adsidue, nec exsertare lacertos nec crispare permissi tela, quae vehunt bina vel terna, pecudum ritu inertium trucidantur.</p>\r\n\r\n<p>Eodem tempore Serenianus ex duce, cuius ignavia populatam in Phoenice Celsen ante rettulimus, pulsatae maiestatis imperii reus iure postulatus ac lege, incertum qua potuit suffragatione absolvi, aperte convictus familiarem suum cum pileo, quo caput operiebat, incantato vetitis artibus ad templum misisse fatidicum, quaeritatum expresse an ei firmum portenderetur imperium, ut cupiebat, et cunctum.</p>\r\n\r\n<p>Cumque pertinacius ut legum gnarus accusatorem flagitaret atque sollemnia, doctus id Caesar libertatemque superbiam ratus tamquam obtrectatorem audacem excarnificari praecepit, qui ita evisceratus ut cruciatibus membra deessent, inplorans caelo iustitiam, torvum renidens fundato pectore mansit inmobilis nec se incusare nec quemquam alium passus et tandem nec confessus nec confutatus cum abiecto consorte poenali est morte multatus. et ducebatur intrepidus temporum iniquitati insultans, imitatus Zenonem illum veterem Stoicum qui ut mentiretur quaedam laceratus diutius, avulsam sedibus linguam suam cum cruento sputamine in oculos interrogantis Cyprii regis inpegit.</p>\r\n\r\n<p>Haec subinde Constantius audiens et quaedam referente Thalassio doctus, quem eum odisse iam conpererat lege communi, scribens ad Caesarem blandius adiumenta paulatim illi subtraxit, sollicitari se simulans ne, uti est militare otium fere tumultuosum, in eius perniciem conspiraret, solisque scholis iussit esse contentum palatinis et protectorum cum Scutariis et Gentilibus, et mandabat Domitiano, ex comite largitionum, praefecto ut cum in Syriam venerit, Gallum, quem crebro acciverat, ad Italiam properare blande hortaretur et verecunde.</p>\r\n\r\n<p>Dein Syria per speciosam interpatet diffusa planitiem. hanc nobilitat Antiochia, mundo cognita civitas, cui non certaverit alia advecticiis ita adfluere copiis et internis, et Laodicia et Apamia itidemque Seleucia iam inde a primis auspiciis florentissimae.</p>', 32, 32, '2025-06-24 14:06:22', '2025-06-27 09:22:16', '<p>Circa hos dies Lollianus primae lanuginis adulescens, Lampadi filius ex praefecto, exploratius causam Maximino spectante, convictus codicem noxiarum artium nondum per aetatem firmato consilio descripsisse, exulque mittendus, ut sperabatur, patris inpulsu provocavit ad principem, et iussus ad eius comitatum duci, de fumo, ut aiunt, in flammam traditus Phalangio Baeticae consulari cecidit funesti carnificis manu.</p>\r\n\r\n<p>Eius populus ab incunabulis primis ad usque pueritiae tempus extremum, quod annis circumcluditur fere trecentis, circummurana pertulit bella, deinde aetatem ingressus adultam post multiplices bellorum aerumnas Alpes transcendit et fretum, in iuvenem erectus et virum ex omni plaga quam orbis ambit inmensus, reportavit laureas et triumphos, iamque vergens in senium et nomine solo aliquotiens vincens ad tranquilliora vitae discessit.</p>\r\n\r\n<p>Has autem provincias, quas Orontes ambiens amnis imosque pedes Cassii montis illius celsi praetermeans funditur in Parthenium mare, Gnaeus Pompeius superato Tigrane regnis Armeniorum abstractas dicioni Romanae coniunxit.</p>', 'lesson_685ab0fd04475.jpg', '2019-0302-OF-COURSE-LE-MANS-Animation-Teaser-V2-685e6150d93b5.mp4'),
(7, 4, 'Leçon n°2 : Accords et gammes', 26, '<p><strong>Circa hos dies Lollianus primae lanuginis adulescens, Lampadi filius ex praefecto, exploratius causam Maximino spectante, convictus codicem noxiarum artium nondum per aetatem firmato consilio descripsisse, exulque mittendus, ut sperabatur, patris inpulsu provocavit ad principem, et iussus ad eius comitatum duci, de fumo, ut aiunt, in flammam traditus Phalangio Baeticae consulari cecidit funesti carnificis manu.</strong></p>\r\n\r\n<p>Eius populus ab incunabulis primis ad usque pueritiae tempus extremum, quod annis circumcluditur fere trecentis, circummurana pertulit bella, deinde aetatem ingressus adultam post multiplices bellorum aerumnas Alpes transcendit et fretum, in iuvenem erectus et virum ex omni plaga quam orbis ambit inmensus, reportavit laureas et triumphos, iamque vergens in senium et nomine solo aliquotiens vincens ad tranquilliora vitae discessit.</p>\r\n\r\n<p>Has autem provincias, quas Orontes ambiens amnis imosque pedes Cassii montis illius celsi praetermeans funditur in Parthenium mare, Gnaeus Pompeius superato Tigrane regnis Armeniorum abstractas dicioni Romanae coniunxit.</p>', 32, 32, '2025-06-25 08:44:36', '2025-06-27 09:14:00', '<p>Has autem provincias, quas Orontes ambiens amnis imosque pedes Cassii montis illius celsi praetermeans funditur in Parthenium mare, Gnaeus Pompeius superato Tigrane regnis Armeniorum abstractas dicioni Romanae coniunxit.</p>\r\n\r\n<p>Hinc ille commotus ut iniusta perferens et indigna praefecti custodiam protectoribus mandaverat fidis. quo conperto Montius tunc quaestor acer quidem sed ad lenitatem propensior, consulens in commune advocatos palatinarum primos scholarum adlocutus est mollius docens nec decere haec fieri nec prodesse addensque vocis obiurgatorio sonu quod si id placeret, post statuas Constantii deiectas super adimenda vita praefecto conveniet securius cogitari.</p>\r\n\r\n<p>Sed tamen haec cum ita tutius observentur, quidam vigore artuum inminuto rogati ad nuptias ubi aurum dextris manibus cavatis offertur, inpigre vel usque Spoletium pergunt. haec nobilium sunt instituta.</p>\r\n\r\n<p>Verum ad istam omnem orationem brevis est defensio. Nam quoad aetas M. Caeli dare potuit isti suspicioni locum, fuit primum ipsius pudore, deinde etiam patris diligentia disciplinaque munita. Qui ut huic virilem togam dedit&scaron;nihil dicam hoc loco de me; tantum sit, quantum vos existimatis; hoc dicam, hunc a patre continuo ad me esse deductum; nemo hunc M. Caelium in illo aetatis flore vidit nisi aut cum patre aut mecum aut in M. Crassi castissima domo, cum artibus honestissimis erudiretur.</p>\r\n\r\n<p>Superatis Tauri montis verticibus qui ad solis ortum sublimius attolluntur, Cilicia spatiis porrigitur late distentis dives bonis omnibus terra, eiusque lateri dextro adnexa Isauria, pari sorte uberi palmite viget et frugibus minutis, quam mediam navigabile flumen Calycadnus interscindit.</p>\r\n\r\n<p>Post emensos insuperabilis expeditionis eventus languentibus partium animis, quas periculorum varietas fregerat et laborum, nondum tubarum cessante clangore vel milite locato per stationes hibernas, fortunae saevientis procellae tempestates alias rebus infudere communibus per multa illa et dira facinora Caesaris Galli, qui ex squalore imo miseriarum in aetatis adultae primitiis ad principale culmen insperato saltu provectus ultra terminos potestatis delatae procurrens asperitate nimia cuncta foedabat. propinquitate enim regiae stirpis gentilitateque etiam tum Constantini nominis efferebatur in fastus, si plus valuisset, ausurus hostilia in auctorem suae felicitatis, ut videbatur.</p>\r\n\r\n<p>Mensarum enim voragines et varias voluptatum inlecebras, ne longius progrediar, praetermitto illuc transiturus quod quidam per ampla spatia urbis subversasque silices sine periculi metu properantes equos velut publicos signatis quod dicitur calceis agitant, familiarium agmina tamquam praedatorios globos post terga trahentes ne Sannione quidem, ut ait comicus, domi relicto. quos imitatae matronae complures opertis capitibus et basternis per latera civitatis cuncta discurrunt.</p>\r\n\r\n<p>Advenit post multos Scudilo Scutariorum tribunus velamento subagrestis ingenii persuasionis opifex callidus. qui eum adulabili sermone seriis admixto solus omnium proficisci pellexit vultu adsimulato saepius replicando quod flagrantibus votis eum videre frater cuperet patruelis, siquid per inprudentiam gestum est remissurus ut mitis et clemens, participemque eum suae maiestatis adscisceret, futurum laborum quoque socium, quos Arctoae provinciae diu fessae poscebant.</p>\r\n\r\n<p><strong>Illud tamen te esse admonitum volo, primum ut qualis es talem te esse omnes existiment ut, quantum a rerum turpitudine abes, tantum te a verborum libertate seiungas; deinde ut ea in alterum ne dicas, quae cum tibi falso responsa sint, erubescas. Quis est enim, cui via ista non pateat, qui isti aetati atque etiam isti dignitati non possit quam velit petulanter, etiamsi sine ulla suspicione, at non sine argumento male dicere? Sed istarum partium culpa est eorum, qui te agere voluerunt; laus pudoris tui, quod ea te invitum dicere videbamus, ingenii, quod ornate politeque dixisti.</strong></p>\r\n\r\n<p>Itaque tum Scaevola cum in eam ipsam <em>mentionem incidisset, exposuit nobis sermonem Lae</em>li de amicitia habitum ab illo secum et cum altero genero, C. Fannio Marci filio, paucis diebus post mortem Africani. Eius d<s>isputationis sententias memoriae m</s>andavi, quas hoc libro exposui arbitratu meo; quasi enim ipsos induxi loquentes, ne &#39;inquam&#39; et &#39;inquit&#39; saepius interponeretur, atque ut tamquam a praesentibus coram haberi sermo videretur.</p>', 'lesson_685bb6f4e0e39.jpg', '2019-0302-OF-COURSE-LE-MANS-Animation-Teaser-V2-685e60d82570e.mp4'),
(8, 6, 'Leçon n°1 : Découverte de l\'instrument', 26, '<p><strong>Circa hos dies Lollianus primae lanuginis adulescens, Lampadi filius ex praefecto, exploratius causam Maximino spectante, convictus codicem noxiarum artium nondum per aetatem firmato consilio descripsisse, exulque mittendus, ut sperabatur, patris inpulsu provocavit ad principem, et iussus ad eius comitatum duci, de fumo, ut aiunt, in flammam traditus Phalangio Baeticae consulari cecidit funesti carnificis manu.</strong></p>\r\n\r\n<p>Eius populus ab incunabulis primis ad usque pueritiae tempus extremum, quod annis circumcluditur fere trecentis, circummurana pertulit bella, deinde aetatem ingressus adultam post multiplices bellorum aerumnas Alpes transcendit et fretum, in iuvenem erectus et virum ex omni plaga quam orbis ambit inmensus, reportavit laureas et triumphos, iamque vergens in senium et nomine solo aliquotiens vincens ad tranquilliora vitae discessit.</p>\r\n\r\n<p>Has autem provincias, quas Orontes ambiens amnis imosque pedes Cassii montis illius celsi praetermeans funditur in Parthenium mare, Gnaeus Pompeius superato Tigrane regnis Armeniorum abstractas dicioni Romanae coniunxit.</p>', 32, 32, '2025-06-25 08:52:09', '2025-06-27 09:14:11', '<p>Has autem provincias, quas Orontes ambiens amnis imosque pedes Cassii montis illius celsi praetermeans funditur in Parthenium mare, Gnaeus Pompeius superato Tigrane regnis Armeniorum abstractas dicioni Romanae coniunxit.</p>\r\n\r\n<p>Hinc ille commotus ut iniusta perferens et indigna praefecti custodiam protectoribus mandaverat fidis. quo conperto Montius tunc quaestor acer quidem sed ad lenitatem propensior, consulens in commune advocatos palatinarum primos scholarum adlocutus est mollius docens nec decere haec fieri nec prodesse addensque vocis obiurgatorio sonu quod si id placeret, post statuas Constantii deiectas super adimenda vita praefecto conveniet securius cogitari.</p>\r\n\r\n<p>Sed tamen haec cum ita tutius observentur, quidam vigore artuum inminuto rogati ad nuptias ubi aurum dextris manibus cavatis offertur, inpigre vel usque Spoletium pergunt. haec nobilium sunt instituta.</p>\r\n\r\n<p>Verum ad istam omnem orationem brevis est defensio. Nam quoad aetas M. Caeli dare potuit isti suspicioni locum, fuit primum ipsius pudore, deinde etiam patris diligentia disciplinaque munita. Qui ut huic virilem togam dedit&scaron;nihil dicam hoc loco de me; tantum sit, quantum vos existimatis; hoc dicam, hunc a patre continuo ad me esse deductum; nemo hunc M. Caelium in illo aetatis flore vidit nisi aut cum patre aut mecum aut in M. Crassi castissima domo, cum artibus honestissimis erudiretur.</p>\r\n\r\n<p>Superatis Tauri montis verticibus qui ad solis ortum sublimius attolluntur, Cilicia spatiis porrigitur late distentis dives bonis omnibus terra, eiusque lateri dextro adnexa Isauria, pari sorte uberi palmite viget et frugibus minutis, quam mediam navigabile flumen Calycadnus interscindit.</p>\r\n\r\n<p>Post emensos insuperabilis expeditionis eventus languentibus partium animis, quas periculorum varietas fregerat et laborum, nondum tubarum cessante clangore vel milite locato per stationes hibernas, fortunae saevientis procellae tempestates alias rebus infudere communibus per multa illa et dira facinora Caesaris Galli, qui ex squalore imo miseriarum in aetatis adultae primitiis ad principale culmen insperato saltu provectus ultra terminos potestatis delatae procurrens asperitate nimia cuncta foedabat. propinquitate enim regiae stirpis gentilitateque etiam tum Constantini nominis efferebatur in fastus, si plus valuisset, ausurus hostilia in auctorem suae felicitatis, ut videbatur.</p>\r\n\r\n<p>Mensarum enim voragines et varias voluptatum inlecebras, ne longius progrediar, praetermitto illuc transiturus quod quidam per ampla spatia urbis subversasque silices sine periculi metu properantes equos velut publicos signatis quod dicitur calceis agitant, familiarium agmina tamquam praedatorios globos post terga trahentes ne Sannione quidem, ut ait comicus, domi relicto. quos imitatae matronae complures opertis capitibus et basternis per latera civitatis cuncta discurrunt.</p>\r\n\r\n<p>Advenit post multos Scudilo Scutariorum tribunus velamento subagrestis ingenii persuasionis opifex callidus. qui eum adulabili sermone seriis admixto solus omnium proficisci pellexit vultu adsimulato saepius replicando quod flagrantibus votis eum videre frater cuperet patruelis, siquid per inprudentiam gestum est remissurus ut mitis et clemens, participemque eum suae maiestatis adscisceret, futurum laborum quoque socium, quos Arctoae provinciae diu fessae poscebant.</p>\r\n\r\n<p><strong>Illud tamen te esse admonitum volo, primum ut qualis es talem te esse omnes existiment ut, quantum a rerum turpitudine abes, tantum te a verborum libertate seiungas; deinde ut ea in alterum ne dicas, quae cum tibi falso responsa sint, erubescas. Quis est enim, cui via ista non pateat, qui isti aetati atque etiam isti dignitati non possit quam velit petulanter, etiamsi sine ulla suspicione, at non sine argumento male dicere? Sed istarum partium culpa est eorum, qui te agere voluerunt; laus pudoris tui, quod ea te invitum dicere videbamus, ingenii, quod ornate politeque dixisti.</strong></p>\r\n\r\n<p>Itaque tum Scaevola cum in eam ipsam <em>mentionem incidisset, exposuit nobis sermonem Lae</em>li de amicitia habitum ab illo secum et cum altero genero, C. Fannio Marci filio, paucis diebus post mortem Africani. Eius d<s>isputationis sententias memoriae m</s>andavi, quas hoc libro exposui arbitratu meo; quasi enim ipsos induxi loquentes, ne &#39;inquam&#39; et &#39;inquit&#39; saepius interponeretur, atque ut tamquam a praesentibus coram haberi sermo videretur.</p>', 'lesson_685bb8b993e91.jpg', '2019-0302-OF-COURSE-LE-MANS-Animation-Teaser-V2-685e60e380823.mp4'),
(9, 6, 'Leçon n°2 : Accords et gammes', 26, '<p><strong>Circa hos dies Lollianus primae lanuginis adulescens, Lampadi filius ex praefecto, exploratius causam Maximino spectante, convictus codicem noxiarum artium nondum per aetatem firmato consilio descripsisse, exulque mittendus, ut sperabatur, patris inpulsu provocavit ad principem, et iussus ad eius comitatum duci, de fumo, ut aiunt, in flammam traditus Phalangio Baeticae consulari cecidit funesti carnificis manu.</strong></p>\r\n\r\n<p>Eius populus ab incunabulis primis ad usque pueritiae tempus extremum, quod annis circumcluditur fere trecentis, circummurana pertulit bella, deinde aetatem ingressus adultam post multiplices bellorum aerumnas Alpes transcendit et fretum, in iuvenem erectus et virum ex omni plaga quam orbis ambit inmensus, reportavit laureas et triumphos, iamque vergens in senium et nomine solo aliquotiens vincens ad tranquilliora vitae discessit.</p>\r\n\r\n<p>Has autem provincias, quas Orontes ambiens amnis imosque pedes Cassii montis illius celsi praetermeans funditur in Parthenium mare, Gnaeus Pompeius superato Tigrane regnis Armeniorum abstractas dicioni Romanae coniunxit.</p>', 32, 32, '2025-06-25 08:53:01', '2025-06-27 09:14:24', '<p>Has autem provincias, quas Orontes ambiens amnis imosque pedes Cassii montis illius celsi praetermeans funditur in Parthenium mare, Gnaeus Pompeius superato Tigrane regnis Armeniorum abstractas dicioni Romanae coniunxit.</p>\r\n\r\n<p>Hinc ille commotus ut iniusta perferens et indigna praefecti custodiam protectoribus mandaverat fidis. quo conperto Montius tunc quaestor acer quidem sed ad lenitatem propensior, consulens in commune advocatos palatinarum primos scholarum adlocutus est mollius docens nec decere haec fieri nec prodesse addensque vocis obiurgatorio sonu quod si id placeret, post statuas Constantii deiectas super adimenda vita praefecto conveniet securius cogitari.</p>\r\n\r\n<p>Sed tamen haec cum ita tutius observentur, quidam vigore artuum inminuto rogati ad nuptias ubi aurum dextris manibus cavatis offertur, inpigre vel usque Spoletium pergunt. haec nobilium sunt instituta.</p>\r\n\r\n<p>Verum ad istam omnem orationem brevis est defensio. Nam quoad aetas M. Caeli dare potuit isti suspicioni locum, fuit primum ipsius pudore, deinde etiam patris diligentia disciplinaque munita. Qui ut huic virilem togam dedit&scaron;nihil dicam hoc loco de me; tantum sit, quantum vos existimatis; hoc dicam, hunc a patre continuo ad me esse deductum; nemo hunc M. Caelium in illo aetatis flore vidit nisi aut cum patre aut mecum aut in M. Crassi castissima domo, cum artibus honestissimis erudiretur.</p>\r\n\r\n<p>Superatis Tauri montis verticibus qui ad solis ortum sublimius attolluntur, Cilicia spatiis porrigitur late distentis dives bonis omnibus terra, eiusque lateri dextro adnexa Isauria, pari sorte uberi palmite viget et frugibus minutis, quam mediam navigabile flumen Calycadnus interscindit.</p>\r\n\r\n<p>Post emensos insuperabilis expeditionis eventus languentibus partium animis, quas periculorum varietas fregerat et laborum, nondum tubarum cessante clangore vel milite locato per stationes hibernas, fortunae saevientis procellae tempestates alias rebus infudere communibus per multa illa et dira facinora Caesaris Galli, qui ex squalore imo miseriarum in aetatis adultae primitiis ad principale culmen insperato saltu provectus ultra terminos potestatis delatae procurrens asperitate nimia cuncta foedabat. propinquitate enim regiae stirpis gentilitateque etiam tum Constantini nominis efferebatur in fastus, si plus valuisset, ausurus hostilia in auctorem suae felicitatis, ut videbatur.</p>\r\n\r\n<p>Mensarum enim voragines et varias voluptatum inlecebras, ne longius progrediar, praetermitto illuc transiturus quod quidam per ampla spatia urbis subversasque silices sine periculi metu properantes equos velut publicos signatis quod dicitur calceis agitant, familiarium agmina tamquam praedatorios globos post terga trahentes ne Sannione quidem, ut ait comicus, domi relicto. quos imitatae matronae complures opertis capitibus et basternis per latera civitatis cuncta discurrunt.</p>\r\n\r\n<p>Advenit post multos Scudilo Scutariorum tribunus velamento subagrestis ingenii persuasionis opifex callidus. qui eum adulabili sermone seriis admixto solus omnium proficisci pellexit vultu adsimulato saepius replicando quod flagrantibus votis eum videre frater cuperet patruelis, siquid per inprudentiam gestum est remissurus ut mitis et clemens, participemque eum suae maiestatis adscisceret, futurum laborum quoque socium, quos Arctoae provinciae diu fessae poscebant.</p>\r\n\r\n<p><strong>Illud tamen te esse admonitum volo, primum ut qualis es talem te esse omnes existiment ut, quantum a rerum turpitudine abes, tantum te a verborum libertate seiungas; deinde ut ea in alterum ne dicas, quae cum tibi falso responsa sint, erubescas. Quis est enim, cui via ista non pateat, qui isti aetati atque etiam isti dignitati non possit quam velit petulanter, etiamsi sine ulla suspicione, at non sine argumento male dicere? Sed istarum partium culpa est eorum, qui te agere voluerunt; laus pudoris tui, quod ea te invitum dicere videbamus, ingenii, quod ornate politeque dixisti.</strong></p>\r\n\r\n<p>Itaque tum Scaevola cum in eam ipsam <em>mentionem incidisset, exposuit nobis sermonem Lae</em>li de amicitia habitum ab illo secum et cum altero genero, C. Fannio Marci filio, paucis diebus post mortem Africani. Eius d<s>isputationis sententias memoriae m</s>andavi, quas hoc libro exposui arbitratu meo; quasi enim ipsos induxi loquentes, ne &#39;inquam&#39; et &#39;inquit&#39; saepius interponeretur, atque ut tamquam a praesentibus coram haberi sermo videretur.</p>', 'lesson_685bb8ed42a22.jpg', '2019-0302-OF-COURSE-LE-MANS-Animation-Teaser-V2-685e60f06d3d4.mp4'),
(10, 7, 'Leçon n°1 : Les langages HTML et CSS', 32, '<p><strong>Circa hos dies Lollianus primae lanuginis adulescens, Lampadi filius ex praefecto, exploratius causam Maximino spectante, convictus codicem noxiarum artium nondum per aetatem firmato consilio descripsisse, exulque mittendus, ut sperabatur, patris inpulsu provocavit ad principem, et iussus ad eius comitatum duci, de fumo, ut aiunt, in flammam traditus Phalangio Baeticae consulari cecidit funesti carnificis manu.</strong></p>\r\n\r\n<p>Eius populus ab incunabulis primis ad usque pueritiae tempus extremum, quod annis circumcluditur fere trecentis, circummurana pertulit bella, deinde aetatem ingressus adultam post multiplices bellorum aerumnas Alpes transcendit et fretum, in iuvenem erectus et virum ex omni plaga quam orbis ambit inmensus, reportavit laureas et triumphos, iamque vergens in senium et nomine solo aliquotiens vincens ad tranquilliora vitae discessit.</p>\r\n\r\n<p>Has autem provincias, quas Orontes ambiens amnis imosque pedes Cassii montis illius celsi praetermeans funditur in Parthenium mare, Gnaeus Pompeius superato Tigrane regnis Armeniorum abstractas dicioni Romanae coniunxit.</p>', 32, 32, '2025-06-25 08:56:10', '2025-06-27 09:14:38', '<p>Has autem provincias, quas Orontes ambiens amnis imosque pedes Cassii montis illius celsi praetermeans funditur in Parthenium mare, Gnaeus Pompeius superato Tigrane regnis Armeniorum abstractas dicioni Romanae coniunxit.</p>\r\n\r\n<p>Hinc ille commotus ut iniusta perferens et indigna praefecti custodiam protectoribus mandaverat fidis. quo conperto Montius tunc quaestor acer quidem sed ad lenitatem propensior, consulens in commune advocatos palatinarum primos scholarum adlocutus est mollius docens nec decere haec fieri nec prodesse addensque vocis obiurgatorio sonu quod si id placeret, post statuas Constantii deiectas super adimenda vita praefecto conveniet securius cogitari.</p>\r\n\r\n<p>Sed tamen haec cum ita tutius observentur, quidam vigore artuum inminuto rogati ad nuptias ubi aurum dextris manibus cavatis offertur, inpigre vel usque Spoletium pergunt. haec nobilium sunt instituta.</p>\r\n\r\n<p>Verum ad istam omnem orationem brevis est defensio. Nam quoad aetas M. Caeli dare potuit isti suspicioni locum, fuit primum ipsius pudore, deinde etiam patris diligentia disciplinaque munita. Qui ut huic virilem togam dedit&scaron;nihil dicam hoc loco de me; tantum sit, quantum vos existimatis; hoc dicam, hunc a patre continuo ad me esse deductum; nemo hunc M. Caelium in illo aetatis flore vidit nisi aut cum patre aut mecum aut in M. Crassi castissima domo, cum artibus honestissimis erudiretur.</p>\r\n\r\n<p>Superatis Tauri montis verticibus qui ad solis ortum sublimius attolluntur, Cilicia spatiis porrigitur late distentis dives bonis omnibus terra, eiusque lateri dextro adnexa Isauria, pari sorte uberi palmite viget et frugibus minutis, quam mediam navigabile flumen Calycadnus interscindit.</p>\r\n\r\n<p>Post emensos insuperabilis expeditionis eventus languentibus partium animis, quas periculorum varietas fregerat et laborum, nondum tubarum cessante clangore vel milite locato per stationes hibernas, fortunae saevientis procellae tempestates alias rebus infudere communibus per multa illa et dira facinora Caesaris Galli, qui ex squalore imo miseriarum in aetatis adultae primitiis ad principale culmen insperato saltu provectus ultra terminos potestatis delatae procurrens asperitate nimia cuncta foedabat. propinquitate enim regiae stirpis gentilitateque etiam tum Constantini nominis efferebatur in fastus, si plus valuisset, ausurus hostilia in auctorem suae felicitatis, ut videbatur.</p>\r\n\r\n<p>Mensarum enim voragines et varias voluptatum inlecebras, ne longius progrediar, praetermitto illuc transiturus quod quidam per ampla spatia urbis subversasque silices sine periculi metu properantes equos velut publicos signatis quod dicitur calceis agitant, familiarium agmina tamquam praedatorios globos post terga trahentes ne Sannione quidem, ut ait comicus, domi relicto. quos imitatae matronae complures opertis capitibus et basternis per latera civitatis cuncta discurrunt.</p>\r\n\r\n<p>Advenit post multos Scudilo Scutariorum tribunus velamento subagrestis ingenii persuasionis opifex callidus. qui eum adulabili sermone seriis admixto solus omnium proficisci pellexit vultu adsimulato saepius replicando quod flagrantibus votis eum videre frater cuperet patruelis, siquid per inprudentiam gestum est remissurus ut mitis et clemens, participemque eum suae maiestatis adscisceret, futurum laborum quoque socium, quos Arctoae provinciae diu fessae poscebant.</p>\r\n\r\n<p><strong>Illud tamen te esse admonitum volo, primum ut qualis es talem te esse omnes existiment ut, quantum a rerum turpitudine abes, tantum te a verborum libertate seiungas; deinde ut ea in alterum ne dicas, quae cum tibi falso responsa sint, erubescas. Quis est enim, cui via ista non pateat, qui isti aetati atque etiam isti dignitati non possit quam velit petulanter, etiamsi sine ulla suspicione, at non sine argumento male dicere? Sed istarum partium culpa est eorum, qui te agere voluerunt; laus pudoris tui, quod ea te invitum dicere videbamus, ingenii, quod ornate politeque dixisti.</strong></p>\r\n\r\n<p>Itaque tum Scaevola cum in eam ipsam <em>mentionem incidisset, exposuit nobis sermonem Lae</em>li de amicitia habitum ab illo secum et cum altero genero, C. Fannio Marci filio, paucis diebus post mortem Africani. Eius d<s>isputationis sententias memoriae m</s>andavi, quas hoc libro exposui arbitratu meo; quasi enim ipsos induxi loquentes, ne &#39;inquam&#39; et &#39;inquit&#39; saepius interponeretur, atque ut tamquam a praesentibus coram haberi sermo videretur.</p>', 'lesson_685bb9aab76a1.jpg', '2019-0302-OF-COURSE-LE-MANS-Animation-Teaser-V2-685e60fe12ba5.mp4'),
(11, 7, 'Leçon n°2 : Dynamiser votre site avec Javascript', 32, '<p><strong>Circa hos dies Lollianus primae lanuginis adulescens, Lampadi filius ex praefecto, exploratius causam Maximino spectante, convictus codicem noxiarum artium nondum per aetatem firmato consilio descripsisse, exulque mittendus, ut sperabatur, patris inpulsu provocavit ad principem, et iussus ad eius comitatum duci, de fumo, ut aiunt, in flammam traditus Phalangio Baeticae consulari cecidit funesti carnificis manu.</strong></p>\r\n\r\n<p>Eius populus ab incunabulis primis ad usque pueritiae tempus extremum, quod annis circumcluditur fere trecentis, circummurana pertulit bella, deinde aetatem ingressus adultam post multiplices bellorum aerumnas Alpes transcendit et fretum, in iuvenem erectus et virum ex omni plaga quam orbis ambit inmensus, reportavit laureas et triumphos, iamque vergens in senium et nomine solo aliquotiens vincens ad tranquilliora vitae discessit.</p>\r\n\r\n<p>Has autem provincias, quas Orontes ambiens amnis imosque pedes Cassii montis illius celsi praetermeans funditur in Parthenium mare, Gnaeus Pompeius superato Tigrane regnis Armeniorum abstractas dicioni Romanae coniunxit.</p>', 32, 32, '2025-06-25 08:57:06', '2025-06-27 09:14:50', '<p>Has autem provincias, quas Orontes ambiens amnis imosque pedes Cassii montis illius celsi praetermeans funditur in Parthenium mare, Gnaeus Pompeius superato Tigrane regnis Armeniorum abstractas dicioni Romanae coniunxit.</p>\r\n\r\n<p>Hinc ille commotus ut iniusta perferens et indigna praefecti custodiam protectoribus mandaverat fidis. quo conperto Montius tunc quaestor acer quidem sed ad lenitatem propensior, consulens in commune advocatos palatinarum primos scholarum adlocutus est mollius docens nec decere haec fieri nec prodesse addensque vocis obiurgatorio sonu quod si id placeret, post statuas Constantii deiectas super adimenda vita praefecto conveniet securius cogitari.</p>\r\n\r\n<p>Sed tamen haec cum ita tutius observentur, quidam vigore artuum inminuto rogati ad nuptias ubi aurum dextris manibus cavatis offertur, inpigre vel usque Spoletium pergunt. haec nobilium sunt instituta.</p>\r\n\r\n<p>Verum ad istam omnem orationem brevis est defensio. Nam quoad aetas M. Caeli dare potuit isti suspicioni locum, fuit primum ipsius pudore, deinde etiam patris diligentia disciplinaque munita. Qui ut huic virilem togam dedit&scaron;nihil dicam hoc loco de me; tantum sit, quantum vos existimatis; hoc dicam, hunc a patre continuo ad me esse deductum; nemo hunc M. Caelium in illo aetatis flore vidit nisi aut cum patre aut mecum aut in M. Crassi castissima domo, cum artibus honestissimis erudiretur.</p>\r\n\r\n<p>Superatis Tauri montis verticibus qui ad solis ortum sublimius attolluntur, Cilicia spatiis porrigitur late distentis dives bonis omnibus terra, eiusque lateri dextro adnexa Isauria, pari sorte uberi palmite viget et frugibus minutis, quam mediam navigabile flumen Calycadnus interscindit.</p>\r\n\r\n<p>Post emensos insuperabilis expeditionis eventus languentibus partium animis, quas periculorum varietas fregerat et laborum, nondum tubarum cessante clangore vel milite locato per stationes hibernas, fortunae saevientis procellae tempestates alias rebus infudere communibus per multa illa et dira facinora Caesaris Galli, qui ex squalore imo miseriarum in aetatis adultae primitiis ad principale culmen insperato saltu provectus ultra terminos potestatis delatae procurrens asperitate nimia cuncta foedabat. propinquitate enim regiae stirpis gentilitateque etiam tum Constantini nominis efferebatur in fastus, si plus valuisset, ausurus hostilia in auctorem suae felicitatis, ut videbatur.</p>\r\n\r\n<p>Mensarum enim voragines et varias voluptatum inlecebras, ne longius progrediar, praetermitto illuc transiturus quod quidam per ampla spatia urbis subversasque silices sine periculi metu properantes equos velut publicos signatis quod dicitur calceis agitant, familiarium agmina tamquam praedatorios globos post terga trahentes ne Sannione quidem, ut ait comicus, domi relicto. quos imitatae matronae complures opertis capitibus et basternis per latera civitatis cuncta discurrunt.</p>\r\n\r\n<p>Advenit post multos Scudilo Scutariorum tribunus velamento subagrestis ingenii persuasionis opifex callidus. qui eum adulabili sermone seriis admixto solus omnium proficisci pellexit vultu adsimulato saepius replicando quod flagrantibus votis eum videre frater cuperet patruelis, siquid per inprudentiam gestum est remissurus ut mitis et clemens, participemque eum suae maiestatis adscisceret, futurum laborum quoque socium, quos Arctoae provinciae diu fessae poscebant.</p>\r\n\r\n<p><strong>Illud tamen te esse admonitum volo, primum ut qualis es talem te esse omnes existiment ut, quantum a rerum turpitudine abes, tantum te a verborum libertate seiungas; deinde ut ea in alterum ne dicas, quae cum tibi falso responsa sint, erubescas. Quis est enim, cui via ista non pateat, qui isti aetati atque etiam isti dignitati non possit quam velit petulanter, etiamsi sine ulla suspicione, at non sine argumento male dicere? Sed istarum partium culpa est eorum, qui te agere voluerunt; laus pudoris tui, quod ea te invitum dicere videbamus, ingenii, quod ornate politeque dixisti.</strong></p>\r\n\r\n<p>Itaque tum Scaevola cum in eam ipsam <em>mentionem incidisset, exposuit nobis sermonem Lae</em>li de amicitia habitum ab illo secum et cum altero genero, C. Fannio Marci filio, paucis diebus post mortem Africani. Eius d<s>isputationis sententias memoriae m</s>andavi, quas hoc libro exposui arbitratu meo; quasi enim ipsos induxi loquentes, ne &#39;inquam&#39; et &#39;inquit&#39; saepius interponeretur, atque ut tamquam a praesentibus coram haberi sermo videretur.</p>', 'lesson_685bb9e2b23aa.jpg', '2019-0302-OF-COURSE-LE-MANS-Animation-Teaser-V2-685e610a6791c.mp4'),
(12, 5, 'Leçon n°2 : Jardiner avec la lune', 16, '<p><strong>Circa hos dies Lollianus primae lanuginis adulescens, Lampadi filius ex praefecto, exploratius causam Maximino spectante, convictus codicem noxiarum artium nondum per aetatem firmato consilio descripsisse, exulque mittendus, ut sperabatur, patris inpulsu provocavit ad principem, et iussus ad eius comitatum duci, de fumo, ut aiunt, in flammam traditus Phalangio Baeticae consulari cecidit funesti carnificis manu.</strong></p>\r\n\r\n<p>Eius populus ab incunabulis primis ad usque pueritiae tempus extremum, quod annis circumcluditur fere trecentis, circummurana pertulit bella, deinde aetatem ingressus adultam post multiplices bellorum aerumnas Alpes transcendit et fretum, in iuvenem erectus et virum ex omni plaga quam orbis ambit inmensus, reportavit laureas et triumphos, iamque vergens in senium et nomine solo aliquotiens vincens ad tranquilliora vitae discessit.</p>\r\n\r\n<p>Has autem provincias, quas Orontes ambiens amnis imosque pedes Cassii montis illius celsi praetermeans funditur in Parthenium mare, Gnaeus Pompeius superato Tigrane regnis Armeniorum abstractas dicioni Romanae coniunxit.</p>', 32, 32, '2025-06-25 09:01:36', '2025-06-27 09:16:11', '<p>Has autem provincias, quas Orontes ambiens amnis imosque pedes Cassii montis illius celsi praetermeans funditur in Parthenium mare, Gnaeus Pompeius superato Tigrane regnis Armeniorum abstractas dicioni Romanae coniunxit.</p>\r\n\r\n<p>Hinc ille commotus ut iniusta perferens et indigna praefecti custodiam protectoribus mandaverat fidis. quo conperto Montius tunc quaestor acer quidem sed ad lenitatem propensior, consulens in commune advocatos palatinarum primos scholarum adlocutus est mollius docens nec decere haec fieri nec prodesse addensque vocis obiurgatorio sonu quod si id placeret, post statuas Constantii deiectas super adimenda vita praefecto conveniet securius cogitari.</p>\r\n\r\n<p>Sed tamen haec cum ita tutius observentur, quidam vigore artuum inminuto rogati ad nuptias ubi aurum dextris manibus cavatis offertur, inpigre vel usque Spoletium pergunt. haec nobilium sunt instituta.</p>\r\n\r\n<p>Verum ad istam omnem orationem brevis est defensio. Nam quoad aetas M. Caeli dare potuit isti suspicioni locum, fuit primum ipsius pudore, deinde etiam patris diligentia disciplinaque munita. Qui ut huic virilem togam dedit&scaron;nihil dicam hoc loco de me; tantum sit, quantum vos existimatis; hoc dicam, hunc a patre continuo ad me esse deductum; nemo hunc M. Caelium in illo aetatis flore vidit nisi aut cum patre aut mecum aut in M. Crassi castissima domo, cum artibus honestissimis erudiretur.</p>\r\n\r\n<p>Superatis Tauri montis verticibus qui ad solis ortum sublimius attolluntur, Cilicia spatiis porrigitur late distentis dives bonis omnibus terra, eiusque lateri dextro adnexa Isauria, pari sorte uberi palmite viget et frugibus minutis, quam mediam navigabile flumen Calycadnus interscindit.</p>\r\n\r\n<p>Post emensos insuperabilis expeditionis eventus languentibus partium animis, quas periculorum varietas fregerat et laborum, nondum tubarum cessante clangore vel milite locato per stationes hibernas, fortunae saevientis procellae tempestates alias rebus infudere communibus per multa illa et dira facinora Caesaris Galli, qui ex squalore imo miseriarum in aetatis adultae primitiis ad principale culmen insperato saltu provectus ultra terminos potestatis delatae procurrens asperitate nimia cuncta foedabat. propinquitate enim regiae stirpis gentilitateque etiam tum Constantini nominis efferebatur in fastus, si plus valuisset, ausurus hostilia in auctorem suae felicitatis, ut videbatur.</p>\r\n\r\n<p>Mensarum enim voragines et varias voluptatum inlecebras, ne longius progrediar, praetermitto illuc transiturus quod quidam per ampla spatia urbis subversasque silices sine periculi metu properantes equos velut publicos signatis quod dicitur calceis agitant, familiarium agmina tamquam praedatorios globos post terga trahentes ne Sannione quidem, ut ait comicus, domi relicto. quos imitatae matronae complures opertis capitibus et basternis per latera civitatis cuncta discurrunt.</p>\r\n\r\n<p>Advenit post multos Scudilo Scutariorum tribunus velamento subagrestis ingenii persuasionis opifex callidus. qui eum adulabili sermone seriis admixto solus omnium proficisci pellexit vultu adsimulato saepius replicando quod flagrantibus votis eum videre frater cuperet patruelis, siquid per inprudentiam gestum est remissurus ut mitis et clemens, participemque eum suae maiestatis adscisceret, futurum laborum quoque socium, quos Arctoae provinciae diu fessae poscebant.</p>\r\n\r\n<p><strong>Illud tamen te esse admonitum volo, primum ut qualis es talem te esse omnes existiment ut, quantum a rerum turpitudine abes, tantum te a verborum libertate seiungas; deinde ut ea in alterum ne dicas, quae cum tibi falso responsa sint, erubescas. Quis est enim, cui via ista non pateat, qui isti aetati atque etiam isti dignitati non possit quam velit petulanter, etiamsi sine ulla suspicione, at non sine argumento male dicere? Sed istarum partium culpa est eorum, qui te agere voluerunt; laus pudoris tui, quod ea te invitum dicere videbamus, ingenii, quod ornate politeque dixisti.</strong></p>\r\n\r\n<p>Itaque tum Scaevola cum in eam ipsam <em>mentionem incidisset, exposuit nobis sermonem Lae</em>li de amicitia habitum ab illo secum et cum altero genero, C. Fannio Marci filio, paucis diebus post mortem Africani. Eius d<s>isputationis sententias memoriae m</s>andavi, quas hoc libro exposui arbitratu meo; quasi enim ipsos induxi loquentes, ne &#39;inquam&#39; et &#39;inquit&#39; saepius interponeretur, atque ut tamquam a praesentibus coram haberi sermo videretur.</p>', 'lesson_685bbaf01e3b0.jpg', '2019-0302-OF-COURSE-LE-MANS-Animation-Teaser-V2-685e615b56f0e.mp4');
INSERT INTO `lesson` (`id`, `cursus_id`, `name`, `price`, `content_text`, `created_by_id`, `updated_by_id`, `created_at`, `updated_at`, `description`, `image`, `video_filename`) VALUES
(13, 8, 'Leçon n°1 : Les modes de cuisson', 23, '<p><strong>Circa hos dies Lollianus primae lanuginis adulescens, Lampadi filius ex praefecto, exploratius causam Maximino spectante, convictus codicem noxiarum artium nondum per aetatem firmato consilio descripsisse, exulque mittendus, ut sperabatur, patris inpulsu provocavit ad principem, et iussus ad eius comitatum duci, de fumo, ut aiunt, in flammam traditus Phalangio Baeticae consulari cecidit funesti carnificis manu.</strong></p>\r\n\r\n<p>Eius populus ab incunabulis primis ad usque pueritiae tempus extremum, quod annis circumcluditur fere trecentis, circummurana pertulit bella, deinde aetatem ingressus adultam post multiplices bellorum aerumnas Alpes transcendit et fretum, in iuvenem erectus et virum ex omni plaga quam orbis ambit inmensus, reportavit laureas et triumphos, iamque vergens in senium et nomine solo aliquotiens vincens ad tranquilliora vitae discessit.</p>\r\n\r\n<p>Has autem provincias, quas Orontes ambiens amnis imosque pedes Cassii montis illius celsi praetermeans funditur in Parthenium mare, Gnaeus Pompeius superato Tigrane regnis Armeniorum abstractas dicioni Romanae coniunxit.</p>', 32, 32, '2025-06-25 09:02:51', '2025-06-27 09:15:02', '<p>Has autem provincias, quas Orontes ambiens amnis imosque pedes Cassii montis illius celsi praetermeans funditur in Parthenium mare, Gnaeus Pompeius superato Tigrane regnis Armeniorum abstractas dicioni Romanae coniunxit.</p>\r\n\r\n<p>Hinc ille commotus ut iniusta perferens et indigna praefecti custodiam protectoribus mandaverat fidis. quo conperto Montius tunc quaestor acer quidem sed ad lenitatem propensior, consulens in commune advocatos palatinarum primos scholarum adlocutus est mollius docens nec decere haec fieri nec prodesse addensque vocis obiurgatorio sonu quod si id placeret, post statuas Constantii deiectas super adimenda vita praefecto conveniet securius cogitari.</p>\r\n\r\n<p>Sed tamen haec cum ita tutius observentur, quidam vigore artuum inminuto rogati ad nuptias ubi aurum dextris manibus cavatis offertur, inpigre vel usque Spoletium pergunt. haec nobilium sunt instituta.</p>\r\n\r\n<p>Verum ad istam omnem orationem brevis est defensio. Nam quoad aetas M. Caeli dare potuit isti suspicioni locum, fuit primum ipsius pudore, deinde etiam patris diligentia disciplinaque munita. Qui ut huic virilem togam dedit&scaron;nihil dicam hoc loco de me; tantum sit, quantum vos existimatis; hoc dicam, hunc a patre continuo ad me esse deductum; nemo hunc M. Caelium in illo aetatis flore vidit nisi aut cum patre aut mecum aut in M. Crassi castissima domo, cum artibus honestissimis erudiretur.</p>\r\n\r\n<p>Superatis Tauri montis verticibus qui ad solis ortum sublimius attolluntur, Cilicia spatiis porrigitur late distentis dives bonis omnibus terra, eiusque lateri dextro adnexa Isauria, pari sorte uberi palmite viget et frugibus minutis, quam mediam navigabile flumen Calycadnus interscindit.</p>\r\n\r\n<p>Post emensos insuperabilis expeditionis eventus languentibus partium animis, quas periculorum varietas fregerat et laborum, nondum tubarum cessante clangore vel milite locato per stationes hibernas, fortunae saevientis procellae tempestates alias rebus infudere communibus per multa illa et dira facinora Caesaris Galli, qui ex squalore imo miseriarum in aetatis adultae primitiis ad principale culmen insperato saltu provectus ultra terminos potestatis delatae procurrens asperitate nimia cuncta foedabat. propinquitate enim regiae stirpis gentilitateque etiam tum Constantini nominis efferebatur in fastus, si plus valuisset, ausurus hostilia in auctorem suae felicitatis, ut videbatur.</p>\r\n\r\n<p>Mensarum enim voragines et varias voluptatum inlecebras, ne longius progrediar, praetermitto illuc transiturus quod quidam per ampla spatia urbis subversasque silices sine periculi metu properantes equos velut publicos signatis quod dicitur calceis agitant, familiarium agmina tamquam praedatorios globos post terga trahentes ne Sannione quidem, ut ait comicus, domi relicto. quos imitatae matronae complures opertis capitibus et basternis per latera civitatis cuncta discurrunt.</p>\r\n\r\n<p>Advenit post multos Scudilo Scutariorum tribunus velamento subagrestis ingenii persuasionis opifex callidus. qui eum adulabili sermone seriis admixto solus omnium proficisci pellexit vultu adsimulato saepius replicando quod flagrantibus votis eum videre frater cuperet patruelis, siquid per inprudentiam gestum est remissurus ut mitis et clemens, participemque eum suae maiestatis adscisceret, futurum laborum quoque socium, quos Arctoae provinciae diu fessae poscebant.</p>\r\n\r\n<p><strong>Illud tamen te esse admonitum volo, primum ut qualis es talem te esse omnes existiment ut, quantum a rerum turpitudine abes, tantum te a verborum libertate seiungas; deinde ut ea in alterum ne dicas, quae cum tibi falso responsa sint, erubescas. Quis est enim, cui via ista non pateat, qui isti aetati atque etiam isti dignitati non possit quam velit petulanter, etiamsi sine ulla suspicione, at non sine argumento male dicere? Sed istarum partium culpa est eorum, qui te agere voluerunt; laus pudoris tui, quod ea te invitum dicere videbamus, ingenii, quod ornate politeque dixisti.</strong></p>\r\n\r\n<p>Itaque tum Scaevola cum in eam ipsam <em>mentionem incidisset, exposuit nobis sermonem Lae</em>li de amicitia habitum ab illo secum et cum altero genero, C. Fannio Marci filio, paucis diebus post mortem Africani. Eius d<s>isputationis sententias memoriae m</s>andavi, quas hoc libro exposui arbitratu meo; quasi enim ipsos induxi loquentes, ne &#39;inquam&#39; et &#39;inquit&#39; saepius interponeretur, atque ut tamquam a praesentibus coram haberi sermo videretur.</p>', 'lesson_685bbb3b2abed.jpg', '2019-0302-OF-COURSE-LE-MANS-Animation-Teaser-V2-685e6116759aa.mp4'),
(14, 8, 'Leçon n°2 : Les saveurs', 23, '<p><strong>Circa hos dies Lollianus primae lanuginis adulescens, Lampadi filius ex praefecto, exploratius causam Maximino spectante, convictus codicem noxiarum artium nondum per aetatem firmato consilio descripsisse, exulque mittendus, ut sperabatur, patris inpulsu provocavit ad principem, et iussus ad eius comitatum duci, de fumo, ut aiunt, in flammam traditus Phalangio Baeticae consulari cecidit funesti carnificis manu.</strong></p>\r\n\r\n<p>Eius populus ab incunabulis primis ad usque pueritiae tempus extremum, quod annis circumcluditur fere trecentis, circummurana pertulit bella, deinde aetatem ingressus adultam post multiplices bellorum aerumnas Alpes transcendit et fretum, in iuvenem erectus et virum ex omni plaga quam orbis ambit inmensus, reportavit laureas et triumphos, iamque vergens in senium et nomine solo aliquotiens vincens ad tranquilliora vitae discessit.</p>\r\n\r\n<p>Has autem provincias, quas Orontes ambiens amnis imosque pedes Cassii montis illius celsi praetermeans funditur in Parthenium mare, Gnaeus Pompeius superato Tigrane regnis Armeniorum abstractas dicioni Romanae coniunxit.</p>', 32, 32, '2025-06-25 09:03:51', '2025-06-27 09:15:16', '<p>Has autem provincias, quas Orontes ambiens amnis imosque pedes Cassii montis illius celsi praetermeans funditur in Parthenium mare, Gnaeus Pompeius superato Tigrane regnis Armeniorum abstractas dicioni Romanae coniunxit.</p>\r\n\r\n<p>Hinc ille commotus ut iniusta perferens et indigna praefecti custodiam protectoribus mandaverat fidis. quo conperto Montius tunc quaestor acer quidem sed ad lenitatem propensior, consulens in commune advocatos palatinarum primos scholarum adlocutus est mollius docens nec decere haec fieri nec prodesse addensque vocis obiurgatorio sonu quod si id placeret, post statuas Constantii deiectas super adimenda vita praefecto conveniet securius cogitari.</p>\r\n\r\n<p>Sed tamen haec cum ita tutius observentur, quidam vigore artuum inminuto rogati ad nuptias ubi aurum dextris manibus cavatis offertur, inpigre vel usque Spoletium pergunt. haec nobilium sunt instituta.</p>\r\n\r\n<p>Verum ad istam omnem orationem brevis est defensio. Nam quoad aetas M. Caeli dare potuit isti suspicioni locum, fuit primum ipsius pudore, deinde etiam patris diligentia disciplinaque munita. Qui ut huic virilem togam dedit&scaron;nihil dicam hoc loco de me; tantum sit, quantum vos existimatis; hoc dicam, hunc a patre continuo ad me esse deductum; nemo hunc M. Caelium in illo aetatis flore vidit nisi aut cum patre aut mecum aut in M. Crassi castissima domo, cum artibus honestissimis erudiretur.</p>\r\n\r\n<p>Superatis Tauri montis verticibus qui ad solis ortum sublimius attolluntur, Cilicia spatiis porrigitur late distentis dives bonis omnibus terra, eiusque lateri dextro adnexa Isauria, pari sorte uberi palmite viget et frugibus minutis, quam mediam navigabile flumen Calycadnus interscindit.</p>\r\n\r\n<p>Post emensos insuperabilis expeditionis eventus languentibus partium animis, quas periculorum varietas fregerat et laborum, nondum tubarum cessante clangore vel milite locato per stationes hibernas, fortunae saevientis procellae tempestates alias rebus infudere communibus per multa illa et dira facinora Caesaris Galli, qui ex squalore imo miseriarum in aetatis adultae primitiis ad principale culmen insperato saltu provectus ultra terminos potestatis delatae procurrens asperitate nimia cuncta foedabat. propinquitate enim regiae stirpis gentilitateque etiam tum Constantini nominis efferebatur in fastus, si plus valuisset, ausurus hostilia in auctorem suae felicitatis, ut videbatur.</p>\r\n\r\n<p>Mensarum enim voragines et varias voluptatum inlecebras, ne longius progrediar, praetermitto illuc transiturus quod quidam per ampla spatia urbis subversasque silices sine periculi metu properantes equos velut publicos signatis quod dicitur calceis agitant, familiarium agmina tamquam praedatorios globos post terga trahentes ne Sannione quidem, ut ait comicus, domi relicto. quos imitatae matronae complures opertis capitibus et basternis per latera civitatis cuncta discurrunt.</p>\r\n\r\n<p>Advenit post multos Scudilo Scutariorum tribunus velamento subagrestis ingenii persuasionis opifex callidus. qui eum adulabili sermone seriis admixto solus omnium proficisci pellexit vultu adsimulato saepius replicando quod flagrantibus votis eum videre frater cuperet patruelis, siquid per inprudentiam gestum est remissurus ut mitis et clemens, participemque eum suae maiestatis adscisceret, futurum laborum quoque socium, quos Arctoae provinciae diu fessae poscebant.</p>\r\n\r\n<p><strong>Illud tamen te esse admonitum volo, primum ut qualis es talem te esse omnes existiment ut, quantum a rerum turpitudine abes, tantum te a verborum libertate seiungas; deinde ut ea in alterum ne dicas, quae cum tibi falso responsa sint, erubescas. Quis est enim, cui via ista non pateat, qui isti aetati atque etiam isti dignitati non possit quam velit petulanter, etiamsi sine ulla suspicione, at non sine argumento male dicere? Sed istarum partium culpa est eorum, qui te agere voluerunt; laus pudoris tui, quod ea te invitum dicere videbamus, ingenii, quod ornate politeque dixisti.</strong></p>\r\n\r\n<p>Itaque tum Scaevola cum in eam ipsam <em>mentionem incidisset, exposuit nobis sermonem Lae</em>li de amicitia habitum ab illo secum et cum altero genero, C. Fannio Marci filio, paucis diebus post mortem Africani. Eius d<s>isputationis sententias memoriae m</s>andavi, quas hoc libro exposui arbitratu meo; quasi enim ipsos induxi loquentes, ne &#39;inquam&#39; et &#39;inquit&#39; saepius interponeretur, atque ut tamquam a praesentibus coram haberi sermo videretur.</p>', NULL, '2019-0302-OF-COURSE-LE-MANS-Animation-Teaser-V2-685e61245196f.mp4'),
(15, 9, 'Leçon n°1 : Mettre en oeuvre le style dans l\'assiette', 26, '<p><strong>Circa hos dies Lollianus primae lanuginis adulescens, Lampadi filius ex praefecto, exploratius causam Maximino spectante, convictus codicem noxiarum artium nondum per aetatem firmato consilio descripsisse, exulque mittendus, ut sperabatur, patris inpulsu provocavit ad principem, et iussus ad eius comitatum duci, de fumo, ut aiunt, in flammam traditus Phalangio Baeticae consulari cecidit funesti carnificis manu.</strong></p>\r\n\r\n<p>Eius populus ab incunabulis primis ad usque pueritiae tempus extremum, quod annis circumcluditur fere trecentis, circummurana pertulit bella, deinde aetatem ingressus adultam post multiplices bellorum aerumnas Alpes transcendit et fretum, in iuvenem erectus et virum ex omni plaga quam orbis ambit inmensus, reportavit laureas et triumphos, iamque vergens in senium et nomine solo aliquotiens vincens ad tranquilliora vitae discessit.</p>\r\n\r\n<p>Has autem provincias, quas Orontes ambiens amnis imosque pedes Cassii montis illius celsi praetermeans funditur in Parthenium mare, Gnaeus Pompeius superato Tigrane regnis Armeniorum abstractas dicioni Romanae coniunxit.</p>', 32, 32, '2025-06-25 09:05:46', '2025-06-27 09:15:35', '<p>Has autem provincias, quas Orontes ambiens amnis imosque pedes Cassii montis illius celsi praetermeans funditur in Parthenium mare, Gnaeus Pompeius superato Tigrane regnis Armeniorum abstractas dicioni Romanae coniunxit.</p>\r\n\r\n<p>Hinc ille commotus ut iniusta perferens et indigna praefecti custodiam protectoribus mandaverat fidis. quo conperto Montius tunc quaestor acer quidem sed ad lenitatem propensior, consulens in commune advocatos palatinarum primos scholarum adlocutus est mollius docens nec decere haec fieri nec prodesse addensque vocis obiurgatorio sonu quod si id placeret, post statuas Constantii deiectas super adimenda vita praefecto conveniet securius cogitari.</p>\r\n\r\n<p>Sed tamen haec cum ita tutius observentur, quidam vigore artuum inminuto rogati ad nuptias ubi aurum dextris manibus cavatis offertur, inpigre vel usque Spoletium pergunt. haec nobilium sunt instituta.</p>\r\n\r\n<p>Verum ad istam omnem orationem brevis est defensio. Nam quoad aetas M. Caeli dare potuit isti suspicioni locum, fuit primum ipsius pudore, deinde etiam patris diligentia disciplinaque munita. Qui ut huic virilem togam dedit&scaron;nihil dicam hoc loco de me; tantum sit, quantum vos existimatis; hoc dicam, hunc a patre continuo ad me esse deductum; nemo hunc M. Caelium in illo aetatis flore vidit nisi aut cum patre aut mecum aut in M. Crassi castissima domo, cum artibus honestissimis erudiretur.</p>\r\n\r\n<p>Superatis Tauri montis verticibus qui ad solis ortum sublimius attolluntur, Cilicia spatiis porrigitur late distentis dives bonis omnibus terra, eiusque lateri dextro adnexa Isauria, pari sorte uberi palmite viget et frugibus minutis, quam mediam navigabile flumen Calycadnus interscindit.</p>\r\n\r\n<p>Post emensos insuperabilis expeditionis eventus languentibus partium animis, quas periculorum varietas fregerat et laborum, nondum tubarum cessante clangore vel milite locato per stationes hibernas, fortunae saevientis procellae tempestates alias rebus infudere communibus per multa illa et dira facinora Caesaris Galli, qui ex squalore imo miseriarum in aetatis adultae primitiis ad principale culmen insperato saltu provectus ultra terminos potestatis delatae procurrens asperitate nimia cuncta foedabat. propinquitate enim regiae stirpis gentilitateque etiam tum Constantini nominis efferebatur in fastus, si plus valuisset, ausurus hostilia in auctorem suae felicitatis, ut videbatur.</p>\r\n\r\n<p>Mensarum enim voragines et varias voluptatum inlecebras, ne longius progrediar, praetermitto illuc transiturus quod quidam per ampla spatia urbis subversasque silices sine periculi metu properantes equos velut publicos signatis quod dicitur calceis agitant, familiarium agmina tamquam praedatorios globos post terga trahentes ne Sannione quidem, ut ait comicus, domi relicto. quos imitatae matronae complures opertis capitibus et basternis per latera civitatis cuncta discurrunt.</p>\r\n\r\n<p>Advenit post multos Scudilo Scutariorum tribunus velamento subagrestis ingenii persuasionis opifex callidus. qui eum adulabili sermone seriis admixto solus omnium proficisci pellexit vultu adsimulato saepius replicando quod flagrantibus votis eum videre frater cuperet patruelis, siquid per inprudentiam gestum est remissurus ut mitis et clemens, participemque eum suae maiestatis adscisceret, futurum laborum quoque socium, quos Arctoae provinciae diu fessae poscebant.</p>\r\n\r\n<p><strong>Illud tamen te esse admonitum volo, primum ut qualis es talem te esse omnes existiment ut, quantum a rerum turpitudine abes, tantum te a verborum libertate seiungas; deinde ut ea in alterum ne dicas, quae cum tibi falso responsa sint, erubescas. Quis est enim, cui via ista non pateat, qui isti aetati atque etiam isti dignitati non possit quam velit petulanter, etiamsi sine ulla suspicione, at non sine argumento male dicere? Sed istarum partium culpa est eorum, qui te agere voluerunt; laus pudoris tui, quod ea te invitum dicere videbamus, ingenii, quod ornate politeque dixisti.</strong></p>\r\n\r\n<p>Itaque tum Scaevola cum in eam ipsam <em>mentionem incidisset, exposuit nobis sermonem Lae</em>li de amicitia habitum ab illo secum et cum altero genero, C. Fannio Marci filio, paucis diebus post mortem Africani. Eius d<s>isputationis sententias memoriae m</s>andavi, quas hoc libro exposui arbitratu meo; quasi enim ipsos induxi loquentes, ne &#39;inquam&#39; et &#39;inquit&#39; saepius interponeretur, atque ut tamquam a praesentibus coram haberi sermo videretur.</p>', 'lesson_685bbbea40165.jpg', '2019-0302-OF-COURSE-LE-MANS-Animation-Teaser-V2-685e61379949f.mp4'),
(16, 9, 'Leçon n°2 : Harmoniser un repas à quatre plats', 26, '<p><strong>Circa hos dies Lollianus primae lanuginis adulescens, Lampadi filius ex praefecto, exploratius causam Maximino spectante, convictus codicem noxiarum artium nondum per aetatem firmato consilio descripsisse, exulque mittendus, ut sperabatur, patris inpulsu provocavit ad principem, et iussus ad eius comitatum duci, de fumo, ut aiunt, in flammam traditus Phalangio Baeticae consulari cecidit funesti carnificis manu.</strong></p>\r\n\r\n<p>Eius populus ab incunabulis primis ad usque pueritiae tempus extremum, quod annis circumcluditur fere trecentis, circummurana pertulit bella, deinde aetatem ingressus adultam post multiplices bellorum aerumnas Alpes transcendit et fretum, in iuvenem erectus et virum ex omni plaga quam orbis ambit inmensus, reportavit laureas et triumphos, iamque vergens in senium et nomine solo aliquotiens vincens ad tranquilliora vitae discessit.</p>\r\n\r\n<p>Has autem provincias, quas Orontes ambiens amnis imosque pedes Cassii montis illius celsi praetermeans funditur in Parthenium mare, Gnaeus Pompeius superato Tigrane regnis Armeniorum abstractas dicioni Romanae coniunxit.</p>', 32, 32, '2025-06-25 09:06:34', '2025-06-27 09:15:48', '<p>Has autem provincias, quas Orontes ambiens amnis imosque pedes Cassii montis illius celsi praetermeans funditur in Parthenium mare, Gnaeus Pompeius superato Tigrane regnis Armeniorum abstractas dicioni Romanae coniunxit.</p>\r\n\r\n<p>Hinc ille commotus ut iniusta perferens et indigna praefecti custodiam protectoribus mandaverat fidis. quo conperto Montius tunc quaestor acer quidem sed ad lenitatem propensior, consulens in commune advocatos palatinarum primos scholarum adlocutus est mollius docens nec decere haec fieri nec prodesse addensque vocis obiurgatorio sonu quod si id placeret, post statuas Constantii deiectas super adimenda vita praefecto conveniet securius cogitari.</p>\r\n\r\n<p>Sed tamen haec cum ita tutius observentur, quidam vigore artuum inminuto rogati ad nuptias ubi aurum dextris manibus cavatis offertur, inpigre vel usque Spoletium pergunt. haec nobilium sunt instituta.</p>\r\n\r\n<p>Verum ad istam omnem orationem brevis est defensio. Nam quoad aetas M. Caeli dare potuit isti suspicioni locum, fuit primum ipsius pudore, deinde etiam patris diligentia disciplinaque munita. Qui ut huic virilem togam dedit&scaron;nihil dicam hoc loco de me; tantum sit, quantum vos existimatis; hoc dicam, hunc a patre continuo ad me esse deductum; nemo hunc M. Caelium in illo aetatis flore vidit nisi aut cum patre aut mecum aut in M. Crassi castissima domo, cum artibus honestissimis erudiretur.</p>\r\n\r\n<p>Superatis Tauri montis verticibus qui ad solis ortum sublimius attolluntur, Cilicia spatiis porrigitur late distentis dives bonis omnibus terra, eiusque lateri dextro adnexa Isauria, pari sorte uberi palmite viget et frugibus minutis, quam mediam navigabile flumen Calycadnus interscindit.</p>\r\n\r\n<p>Post emensos insuperabilis expeditionis eventus languentibus partium animis, quas periculorum varietas fregerat et laborum, nondum tubarum cessante clangore vel milite locato per stationes hibernas, fortunae saevientis procellae tempestates alias rebus infudere communibus per multa illa et dira facinora Caesaris Galli, qui ex squalore imo miseriarum in aetatis adultae primitiis ad principale culmen insperato saltu provectus ultra terminos potestatis delatae procurrens asperitate nimia cuncta foedabat. propinquitate enim regiae stirpis gentilitateque etiam tum Constantini nominis efferebatur in fastus, si plus valuisset, ausurus hostilia in auctorem suae felicitatis, ut videbatur.</p>\r\n\r\n<p>Mensarum enim voragines et varias voluptatum inlecebras, ne longius progrediar, praetermitto illuc transiturus quod quidam per ampla spatia urbis subversasque silices sine periculi metu properantes equos velut publicos signatis quod dicitur calceis agitant, familiarium agmina tamquam praedatorios globos post terga trahentes ne Sannione quidem, ut ait comicus, domi relicto. quos imitatae matronae complures opertis capitibus et basternis per latera civitatis cuncta discurrunt.</p>\r\n\r\n<p>Advenit post multos Scudilo Scutariorum tribunus velamento subagrestis ingenii persuasionis opifex callidus. qui eum adulabili sermone seriis admixto solus omnium proficisci pellexit vultu adsimulato saepius replicando quod flagrantibus votis eum videre frater cuperet patruelis, siquid per inprudentiam gestum est remissurus ut mitis et clemens, participemque eum suae maiestatis adscisceret, futurum laborum quoque socium, quos Arctoae provinciae diu fessae poscebant.</p>\r\n\r\n<p><strong>Illud tamen te esse admonitum volo, primum ut qualis es talem te esse omnes existiment ut, quantum a rerum turpitudine abes, tantum te a verborum libertate seiungas; deinde ut ea in alterum ne dicas, quae cum tibi falso responsa sint, erubescas. Quis est enim, cui via ista non pateat, qui isti aetati atque etiam isti dignitati non possit quam velit petulanter, etiamsi sine ulla suspicione, at non sine argumento male dicere? Sed istarum partium culpa est eorum, qui te agere voluerunt; laus pudoris tui, quod ea te invitum dicere videbamus, ingenii, quod ornate politeque dixisti.</strong></p>\r\n\r\n<p>Itaque tum Scaevola cum in eam ipsam <em>mentionem incidisset, exposuit nobis sermonem Lae</em>li de amicitia habitum ab illo secum et cum altero genero, C. Fannio Marci filio, paucis diebus post mortem Africani. Eius d<s>isputationis sententias memoriae m</s>andavi, quas hoc libro exposui arbitratu meo; quasi enim ipsos induxi loquentes, ne &#39;inquam&#39; et &#39;inquit&#39; saepius interponeretur, atque ut tamquam a praesentibus coram haberi sermo videretur.</p>', 'lesson_685bbc1a3ba75.jpg', '2019-0302-OF-COURSE-LE-MANS-Animation-Teaser-V2-685e614493829.mp4');

-- --------------------------------------------------------

--
-- Structure de la table `messenger_messages`
--

DROP TABLE IF EXISTS `messenger_messages`;
CREATE TABLE IF NOT EXISTS `messenger_messages` (
  `id` bigint NOT NULL AUTO_INCREMENT,
  `body` longtext COLLATE utf8mb4_unicode_ci NOT NULL,
  `headers` longtext COLLATE utf8mb4_unicode_ci NOT NULL,
  `queue_name` varchar(190) COLLATE utf8mb4_unicode_ci NOT NULL,
  `created_at` datetime NOT NULL COMMENT '(DC2Type:datetime_immutable)',
  `available_at` datetime NOT NULL COMMENT '(DC2Type:datetime_immutable)',
  `delivered_at` datetime DEFAULT NULL COMMENT '(DC2Type:datetime_immutable)',
  PRIMARY KEY (`id`),
  KEY `IDX_75EA56E0FB7336F0` (`queue_name`),
  KEY `IDX_75EA56E0E3BD61CE` (`available_at`),
  KEY `IDX_75EA56E016BA31DB` (`delivered_at`)
) ENGINE=InnoDB AUTO_INCREMENT=28 DEFAULT CHARSET=utf8mb4 COLLATE=utf8mb4_unicode_ci;

--
-- Déchargement des données de la table `messenger_messages`
--

INSERT INTO `messenger_messages` (`id`, `body`, `headers`, `queue_name`, `created_at`, `available_at`, `delivered_at`) VALUES
(27, 'O:36:\\\"Symfony\\\\Component\\\\Messenger\\\\Envelope\\\":2:{s:44:\\\"\\0Symfony\\\\Component\\\\Messenger\\\\Envelope\\0stamps\\\";a:6:{s:46:\\\"Symfony\\\\Component\\\\Messenger\\\\Stamp\\\\BusNameStamp\\\";a:1:{i:0;O:46:\\\"Symfony\\\\Component\\\\Messenger\\\\Stamp\\\\BusNameStamp\\\":1:{s:55:\\\"\\0Symfony\\\\Component\\\\Messenger\\\\Stamp\\\\BusNameStamp\\0busName\\\";s:21:\\\"messenger.bus.default\\\";}}s:51:\\\"Symfony\\\\Component\\\\Messenger\\\\Stamp\\\\ErrorDetailsStamp\\\";a:1:{i:0;O:51:\\\"Symfony\\\\Component\\\\Messenger\\\\Stamp\\\\ErrorDetailsStamp\\\":4:{s:67:\\\"\\0Symfony\\\\Component\\\\Messenger\\\\Stamp\\\\ErrorDetailsStamp\\0exceptionClass\\\";s:62:\\\"Symfony\\\\Component\\\\Mailer\\\\Exception\\\\UnexpectedResponseException\\\";s:66:\\\"\\0Symfony\\\\Component\\\\Messenger\\\\Stamp\\\\ErrorDetailsStamp\\0exceptionCode\\\";i:550;s:69:\\\"\\0Symfony\\\\Component\\\\Messenger\\\\Stamp\\\\ErrorDetailsStamp\\0exceptionMessage\\\";s:169:\\\"Expected response code \\\"354\\\" but got code \\\"550\\\", with message \\\"550 5.7.0 Too many emails per second. Please upgrade your plan https://mailtrap.io/billing/plans/testing\\\".\\\";s:69:\\\"\\0Symfony\\\\Component\\\\Messenger\\\\Stamp\\\\ErrorDetailsStamp\\0flattenException\\\";O:57:\\\"Symfony\\\\Component\\\\ErrorHandler\\\\Exception\\\\FlattenException\\\":12:{s:66:\\\"\\0Symfony\\\\Component\\\\ErrorHandler\\\\Exception\\\\FlattenException\\0message\\\";s:169:\\\"Expected response code \\\"354\\\" but got code \\\"550\\\", with message \\\"550 5.7.0 Too many emails per second. Please upgrade your plan https://mailtrap.io/billing/plans/testing\\\".\\\";s:63:\\\"\\0Symfony\\\\Component\\\\ErrorHandler\\\\Exception\\\\FlattenException\\0code\\\";i:550;s:67:\\\"\\0Symfony\\\\Component\\\\ErrorHandler\\\\Exception\\\\FlattenException\\0previous\\\";N;s:64:\\\"\\0Symfony\\\\Component\\\\ErrorHandler\\\\Exception\\\\FlattenException\\0trace\\\";a:31:{i:0;a:8:{s:9:\\\"namespace\\\";s:0:\\\"\\\";s:11:\\\"short_class\\\";s:0:\\\"\\\";s:5:\\\"class\\\";s:0:\\\"\\\";s:4:\\\"type\\\";s:0:\\\"\\\";s:8:\\\"function\\\";s:0:\\\"\\\";s:4:\\\"file\\\";s:164:\\\"C:\\\\Users\\\\dupre\\\\Desktop\\\\FORMATION\\\\Devoirs\\\\MODULE3\\\\SOUTENANCE03-Knowledge\\\\knowledge-learning\\\\knowledge-learning\\\\vendor\\\\symfony\\\\mailer\\\\Transport\\\\Smtp\\\\SmtpTransport.php\\\";s:4:\\\"line\\\";i:338;s:4:\\\"args\\\";a:0:{}}i:1;a:8:{s:9:\\\"namespace\\\";s:39:\\\"Symfony\\\\Component\\\\Mailer\\\\Transport\\\\Smtp\\\";s:11:\\\"short_class\\\";s:13:\\\"SmtpTransport\\\";s:5:\\\"class\\\";s:53:\\\"Symfony\\\\Component\\\\Mailer\\\\Transport\\\\Smtp\\\\SmtpTransport\\\";s:4:\\\"type\\\";s:2:\\\"->\\\";s:8:\\\"function\\\";s:18:\\\"assertResponseCode\\\";s:4:\\\"file\\\";s:164:\\\"C:\\\\Users\\\\dupre\\\\Desktop\\\\FORMATION\\\\Devoirs\\\\MODULE3\\\\SOUTENANCE03-Knowledge\\\\knowledge-learning\\\\knowledge-learning\\\\vendor\\\\symfony\\\\mailer\\\\Transport\\\\Smtp\\\\SmtpTransport.php\\\";s:4:\\\"line\\\";i:197;s:4:\\\"args\\\";a:2:{i:0;a:2:{i:0;s:6:\\\"string\\\";i:1;s:106:\\\"550 5.7.0 Too many emails per second. Please upgrade your plan https://mailtrap.io/billing/plans/testing\r\n\\\";}i:1;a:2:{i:0;s:5:\\\"array\\\";i:1;a:1:{i:0;a:2:{i:0;s:7:\\\"integer\\\";i:1;i:354;}}}}}i:2;a:8:{s:9:\\\"namespace\\\";s:39:\\\"Symfony\\\\Component\\\\Mailer\\\\Transport\\\\Smtp\\\";s:11:\\\"short_class\\\";s:13:\\\"SmtpTransport\\\";s:5:\\\"class\\\";s:53:\\\"Symfony\\\\Component\\\\Mailer\\\\Transport\\\\Smtp\\\\SmtpTransport\\\";s:4:\\\"type\\\";s:2:\\\"->\\\";s:8:\\\"function\\\";s:14:\\\"executeCommand\\\";s:4:\\\"file\\\";s:165:\\\"C:\\\\Users\\\\dupre\\\\Desktop\\\\FORMATION\\\\Devoirs\\\\MODULE3\\\\SOUTENANCE03-Knowledge\\\\knowledge-learning\\\\knowledge-learning\\\\vendor\\\\symfony\\\\mailer\\\\Transport\\\\Smtp\\\\EsmtpTransport.php\\\";s:4:\\\"line\\\";i:118;s:4:\\\"args\\\";a:2:{i:0;a:2:{i:0;s:6:\\\"string\\\";i:1;s:6:\\\"DATA\r\n\\\";}i:1;a:2:{i:0;s:5:\\\"array\\\";i:1;a:1:{i:0;a:2:{i:0;s:7:\\\"integer\\\";i:1;i:354;}}}}}i:3;a:8:{s:9:\\\"namespace\\\";s:39:\\\"Symfony\\\\Component\\\\Mailer\\\\Transport\\\\Smtp\\\";s:11:\\\"short_class\\\";s:14:\\\"EsmtpTransport\\\";s:5:\\\"class\\\";s:54:\\\"Symfony\\\\Component\\\\Mailer\\\\Transport\\\\Smtp\\\\EsmtpTransport\\\";s:4:\\\"type\\\";s:2:\\\"->\\\";s:8:\\\"function\\\";s:14:\\\"executeCommand\\\";s:4:\\\"file\\\";s:164:\\\"C:\\\\Users\\\\dupre\\\\Desktop\\\\FORMATION\\\\Devoirs\\\\MODULE3\\\\SOUTENANCE03-Knowledge\\\\knowledge-learning\\\\knowledge-learning\\\\vendor\\\\symfony\\\\mailer\\\\Transport\\\\Smtp\\\\SmtpTransport.php\\\";s:4:\\\"line\\\";i:219;s:4:\\\"args\\\";a:2:{i:0;a:2:{i:0;s:6:\\\"string\\\";i:1;s:6:\\\"DATA\r\n\\\";}i:1;a:2:{i:0;s:5:\\\"array\\\";i:1;a:1:{i:0;a:2:{i:0;s:7:\\\"integer\\\";i:1;i:354;}}}}}i:4;a:8:{s:9:\\\"namespace\\\";s:39:\\\"Symfony\\\\Component\\\\Mailer\\\\Transport\\\\Smtp\\\";s:11:\\\"short_class\\\";s:13:\\\"SmtpTransport\\\";s:5:\\\"class\\\";s:53:\\\"Symfony\\\\Component\\\\Mailer\\\\Transport\\\\Smtp\\\\SmtpTransport\\\";s:4:\\\"type\\\";s:2:\\\"->\\\";s:8:\\\"function\\\";s:6:\\\"doSend\\\";s:4:\\\"file\\\";s:163:\\\"C:\\\\Users\\\\dupre\\\\Desktop\\\\FORMATION\\\\Devoirs\\\\MODULE3\\\\SOUTENANCE03-Knowledge\\\\knowledge-learning\\\\knowledge-learning\\\\vendor\\\\symfony\\\\mailer\\\\Transport\\\\AbstractTransport.php\\\";s:4:\\\"line\\\";i:90;s:4:\\\"args\\\";a:1:{i:0;a:2:{i:0;s:6:\\\"object\\\";i:1;s:36:\\\"Symfony\\\\Component\\\\Mailer\\\\SentMessage\\\";}}}i:5;a:8:{s:9:\\\"namespace\\\";s:34:\\\"Symfony\\\\Component\\\\Mailer\\\\Transport\\\";s:11:\\\"short_class\\\";s:17:\\\"AbstractTransport\\\";s:5:\\\"class\\\";s:52:\\\"Symfony\\\\Component\\\\Mailer\\\\Transport\\\\AbstractTransport\\\";s:4:\\\"type\\\";s:2:\\\"->\\\";s:8:\\\"function\\\";s:4:\\\"send\\\";s:4:\\\"file\\\";s:164:\\\"C:\\\\Users\\\\dupre\\\\Desktop\\\\FORMATION\\\\Devoirs\\\\MODULE3\\\\SOUTENANCE03-Knowledge\\\\knowledge-learning\\\\knowledge-learning\\\\vendor\\\\symfony\\\\mailer\\\\Transport\\\\Smtp\\\\SmtpTransport.php\\\";s:4:\\\"line\\\";i:137;s:4:\\\"args\\\";a:2:{i:0;a:2:{i:0;s:6:\\\"object\\\";i:1;s:28:\\\"Symfony\\\\Component\\\\Mime\\\\Email\\\";}i:1;a:2:{i:0;s:6:\\\"object\\\";i:1;s:40:\\\"Symfony\\\\Component\\\\Mailer\\\\DelayedEnvelope\\\";}}}i:6;a:8:{s:9:\\\"namespace\\\";s:39:\\\"Symfony\\\\Component\\\\Mailer\\\\Transport\\\\Smtp\\\";s:11:\\\"short_class\\\";s:13:\\\"SmtpTransport\\\";s:5:\\\"class\\\";s:53:\\\"Symfony\\\\Component\\\\Mailer\\\\Transport\\\\Smtp\\\\SmtpTransport\\\";s:4:\\\"type\\\";s:2:\\\"->\\\";s:8:\\\"function\\\";s:4:\\\"send\\\";s:4:\\\"file\\\";s:156:\\\"C:\\\\Users\\\\dupre\\\\Desktop\\\\FORMATION\\\\Devoirs\\\\MODULE3\\\\SOUTENANCE03-Knowledge\\\\knowledge-learning\\\\knowledge-learning\\\\vendor\\\\symfony\\\\mailer\\\\Transport\\\\Transports.php\\\";s:4:\\\"line\\\";i:51;s:4:\\\"args\\\";a:2:{i:0;a:2:{i:0;s:6:\\\"object\\\";i:1;s:28:\\\"Symfony\\\\Component\\\\Mime\\\\Email\\\";}i:1;a:2:{i:0;s:4:\\\"null\\\";i:1;N;}}}i:7;a:8:{s:9:\\\"namespace\\\";s:34:\\\"Symfony\\\\Component\\\\Mailer\\\\Transport\\\";s:11:\\\"short_class\\\";s:10:\\\"Transports\\\";s:5:\\\"class\\\";s:45:\\\"Symfony\\\\Component\\\\Mailer\\\\Transport\\\\Transports\\\";s:4:\\\"type\\\";s:2:\\\"->\\\";s:8:\\\"function\\\";s:4:\\\"send\\\";s:4:\\\"file\\\";s:160:\\\"C:\\\\Users\\\\dupre\\\\Desktop\\\\FORMATION\\\\Devoirs\\\\MODULE3\\\\SOUTENANCE03-Knowledge\\\\knowledge-learning\\\\knowledge-learning\\\\vendor\\\\symfony\\\\mailer\\\\Messenger\\\\MessageHandler.php\\\";s:4:\\\"line\\\";i:31;s:4:\\\"args\\\";a:2:{i:0;a:2:{i:0;s:6:\\\"object\\\";i:1;s:28:\\\"Symfony\\\\Component\\\\Mime\\\\Email\\\";}i:1;a:2:{i:0;s:4:\\\"null\\\";i:1;N;}}}i:8;a:8:{s:9:\\\"namespace\\\";s:34:\\\"Symfony\\\\Component\\\\Mailer\\\\Messenger\\\";s:11:\\\"short_class\\\";s:14:\\\"MessageHandler\\\";s:5:\\\"class\\\";s:49:\\\"Symfony\\\\Component\\\\Mailer\\\\Messenger\\\\MessageHandler\\\";s:4:\\\"type\\\";s:2:\\\"->\\\";s:8:\\\"function\\\";s:8:\\\"__invoke\\\";s:4:\\\"file\\\";s:173:\\\"C:\\\\Users\\\\dupre\\\\Desktop\\\\FORMATION\\\\Devoirs\\\\MODULE3\\\\SOUTENANCE03-Knowledge\\\\knowledge-learning\\\\knowledge-learning\\\\vendor\\\\symfony\\\\messenger\\\\Middleware\\\\HandleMessageMiddleware.php\\\";s:4:\\\"line\\\";i:152;s:4:\\\"args\\\";a:1:{i:0;a:2:{i:0;s:6:\\\"object\\\";i:1;s:51:\\\"Symfony\\\\Component\\\\Mailer\\\\Messenger\\\\SendEmailMessage\\\";}}}i:9;a:8:{s:9:\\\"namespace\\\";s:38:\\\"Symfony\\\\Component\\\\Messenger\\\\Middleware\\\";s:11:\\\"short_class\\\";s:23:\\\"HandleMessageMiddleware\\\";s:5:\\\"class\\\";s:62:\\\"Symfony\\\\Component\\\\Messenger\\\\Middleware\\\\HandleMessageMiddleware\\\";s:4:\\\"type\\\";s:2:\\\"->\\\";s:8:\\\"function\\\";s:11:\\\"callHandler\\\";s:4:\\\"file\\\";s:173:\\\"C:\\\\Users\\\\dupre\\\\Desktop\\\\FORMATION\\\\Devoirs\\\\MODULE3\\\\SOUTENANCE03-Knowledge\\\\knowledge-learning\\\\knowledge-learning\\\\vendor\\\\symfony\\\\messenger\\\\Middleware\\\\HandleMessageMiddleware.php\\\";s:4:\\\"line\\\";i:91;s:4:\\\"args\\\";a:4:{i:0;a:2:{i:0;s:6:\\\"object\\\";i:1;s:7:\\\"Closure\\\";}i:1;a:2:{i:0;s:6:\\\"object\\\";i:1;s:51:\\\"Symfony\\\\Component\\\\Mailer\\\\Messenger\\\\SendEmailMessage\\\";}i:2;a:2:{i:0;s:4:\\\"null\\\";i:1;N;}i:3;a:2:{i:0;s:4:\\\"null\\\";i:1;N;}}}i:10;a:8:{s:9:\\\"namespace\\\";s:38:\\\"Symfony\\\\Component\\\\Messenger\\\\Middleware\\\";s:11:\\\"short_class\\\";s:23:\\\"HandleMessageMiddleware\\\";s:5:\\\"class\\\";s:62:\\\"Symfony\\\\Component\\\\Messenger\\\\Middleware\\\\HandleMessageMiddleware\\\";s:4:\\\"type\\\";s:2:\\\"->\\\";s:8:\\\"function\\\";s:6:\\\"handle\\\";s:4:\\\"file\\\";s:171:\\\"C:\\\\Users\\\\dupre\\\\Desktop\\\\FORMATION\\\\Devoirs\\\\MODULE3\\\\SOUTENANCE03-Knowledge\\\\knowledge-learning\\\\knowledge-learning\\\\vendor\\\\symfony\\\\messenger\\\\Middleware\\\\SendMessageMiddleware.php\\\";s:4:\\\"line\\\";i:71;s:4:\\\"args\\\";a:2:{i:0;a:2:{i:0;s:6:\\\"object\\\";i:1;s:36:\\\"Symfony\\\\Component\\\\Messenger\\\\Envelope\\\";}i:1;a:2:{i:0;s:6:\\\"object\\\";i:1;s:53:\\\"Symfony\\\\Component\\\\Messenger\\\\Middleware\\\\TraceableStack\\\";}}}i:11;a:8:{s:9:\\\"namespace\\\";s:38:\\\"Symfony\\\\Component\\\\Messenger\\\\Middleware\\\";s:11:\\\"short_class\\\";s:21:\\\"SendMessageMiddleware\\\";s:5:\\\"class\\\";s:60:\\\"Symfony\\\\Component\\\\Messenger\\\\Middleware\\\\SendMessageMiddleware\\\";s:4:\\\"type\\\";s:2:\\\"->\\\";s:8:\\\"function\\\";s:6:\\\"handle\\\";s:4:\\\"file\\\";s:183:\\\"C:\\\\Users\\\\dupre\\\\Desktop\\\\FORMATION\\\\Devoirs\\\\MODULE3\\\\SOUTENANCE03-Knowledge\\\\knowledge-learning\\\\knowledge-learning\\\\vendor\\\\symfony\\\\messenger\\\\Middleware\\\\FailedMessageProcessingMiddleware.php\\\";s:4:\\\"line\\\";i:34;s:4:\\\"args\\\";a:2:{i:0;a:2:{i:0;s:6:\\\"object\\\";i:1;s:36:\\\"Symfony\\\\Component\\\\Messenger\\\\Envelope\\\";}i:1;a:2:{i:0;s:6:\\\"object\\\";i:1;s:53:\\\"Symfony\\\\Component\\\\Messenger\\\\Middleware\\\\TraceableStack\\\";}}}i:12;a:8:{s:9:\\\"namespace\\\";s:38:\\\"Symfony\\\\Component\\\\Messenger\\\\Middleware\\\";s:11:\\\"short_class\\\";s:33:\\\"FailedMessageProcessingMiddleware\\\";s:5:\\\"class\\\";s:72:\\\"Symfony\\\\Component\\\\Messenger\\\\Middleware\\\\FailedMessageProcessingMiddleware\\\";s:4:\\\"type\\\";s:2:\\\"->\\\";s:8:\\\"function\\\";s:6:\\\"handle\\\";s:4:\\\"file\\\";s:183:\\\"C:\\\\Users\\\\dupre\\\\Desktop\\\\FORMATION\\\\Devoirs\\\\MODULE3\\\\SOUTENANCE03-Knowledge\\\\knowledge-learning\\\\knowledge-learning\\\\vendor\\\\symfony\\\\messenger\\\\Middleware\\\\DispatchAfterCurrentBusMiddleware.php\\\";s:4:\\\"line\\\";i:68;s:4:\\\"args\\\";a:2:{i:0;a:2:{i:0;s:6:\\\"object\\\";i:1;s:36:\\\"Symfony\\\\Component\\\\Messenger\\\\Envelope\\\";}i:1;a:2:{i:0;s:6:\\\"object\\\";i:1;s:53:\\\"Symfony\\\\Component\\\\Messenger\\\\Middleware\\\\TraceableStack\\\";}}}i:13;a:8:{s:9:\\\"namespace\\\";s:38:\\\"Symfony\\\\Component\\\\Messenger\\\\Middleware\\\";s:11:\\\"short_class\\\";s:33:\\\"DispatchAfterCurrentBusMiddleware\\\";s:5:\\\"class\\\";s:72:\\\"Symfony\\\\Component\\\\Messenger\\\\Middleware\\\\DispatchAfterCurrentBusMiddleware\\\";s:4:\\\"type\\\";s:2:\\\"->\\\";s:8:\\\"function\\\";s:6:\\\"handle\\\";s:4:\\\"file\\\";s:184:\\\"C:\\\\Users\\\\dupre\\\\Desktop\\\\FORMATION\\\\Devoirs\\\\MODULE3\\\\SOUTENANCE03-Knowledge\\\\knowledge-learning\\\\knowledge-learning\\\\vendor\\\\symfony\\\\messenger\\\\Middleware\\\\RejectRedeliveredMessageMiddleware.php\\\";s:4:\\\"line\\\";i:41;s:4:\\\"args\\\";a:2:{i:0;a:2:{i:0;s:6:\\\"object\\\";i:1;s:36:\\\"Symfony\\\\Component\\\\Messenger\\\\Envelope\\\";}i:1;a:2:{i:0;s:6:\\\"object\\\";i:1;s:53:\\\"Symfony\\\\Component\\\\Messenger\\\\Middleware\\\\TraceableStack\\\";}}}i:14;a:8:{s:9:\\\"namespace\\\";s:38:\\\"Symfony\\\\Component\\\\Messenger\\\\Middleware\\\";s:11:\\\"short_class\\\";s:34:\\\"RejectRedeliveredMessageMiddleware\\\";s:5:\\\"class\\\";s:73:\\\"Symfony\\\\Component\\\\Messenger\\\\Middleware\\\\RejectRedeliveredMessageMiddleware\\\";s:4:\\\"type\\\";s:2:\\\"->\\\";s:8:\\\"function\\\";s:6:\\\"handle\\\";s:4:\\\"file\\\";s:175:\\\"C:\\\\Users\\\\dupre\\\\Desktop\\\\FORMATION\\\\Devoirs\\\\MODULE3\\\\SOUTENANCE03-Knowledge\\\\knowledge-learning\\\\knowledge-learning\\\\vendor\\\\symfony\\\\messenger\\\\Middleware\\\\AddBusNameStampMiddleware.php\\\";s:4:\\\"line\\\";i:37;s:4:\\\"args\\\";a:2:{i:0;a:2:{i:0;s:6:\\\"object\\\";i:1;s:36:\\\"Symfony\\\\Component\\\\Messenger\\\\Envelope\\\";}i:1;a:2:{i:0;s:6:\\\"object\\\";i:1;s:53:\\\"Symfony\\\\Component\\\\Messenger\\\\Middleware\\\\TraceableStack\\\";}}}i:15;a:8:{s:9:\\\"namespace\\\";s:38:\\\"Symfony\\\\Component\\\\Messenger\\\\Middleware\\\";s:11:\\\"short_class\\\";s:25:\\\"AddBusNameStampMiddleware\\\";s:5:\\\"class\\\";s:64:\\\"Symfony\\\\Component\\\\Messenger\\\\Middleware\\\\AddBusNameStampMiddleware\\\";s:4:\\\"type\\\";s:2:\\\"->\\\";s:8:\\\"function\\\";s:6:\\\"handle\\\";s:4:\\\"file\\\";s:169:\\\"C:\\\\Users\\\\dupre\\\\Desktop\\\\FORMATION\\\\Devoirs\\\\MODULE3\\\\SOUTENANCE03-Knowledge\\\\knowledge-learning\\\\knowledge-learning\\\\vendor\\\\symfony\\\\messenger\\\\Middleware\\\\TraceableMiddleware.php\\\";s:4:\\\"line\\\";i:40;s:4:\\\"args\\\";a:2:{i:0;a:2:{i:0;s:6:\\\"object\\\";i:1;s:36:\\\"Symfony\\\\Component\\\\Messenger\\\\Envelope\\\";}i:1;a:2:{i:0;s:6:\\\"object\\\";i:1;s:53:\\\"Symfony\\\\Component\\\\Messenger\\\\Middleware\\\\TraceableStack\\\";}}}i:16;a:8:{s:9:\\\"namespace\\\";s:38:\\\"Symfony\\\\Component\\\\Messenger\\\\Middleware\\\";s:11:\\\"short_class\\\";s:19:\\\"TraceableMiddleware\\\";s:5:\\\"class\\\";s:58:\\\"Symfony\\\\Component\\\\Messenger\\\\Middleware\\\\TraceableMiddleware\\\";s:4:\\\"type\\\";s:2:\\\"->\\\";s:8:\\\"function\\\";s:6:\\\"handle\\\";s:4:\\\"file\\\";s:149:\\\"C:\\\\Users\\\\dupre\\\\Desktop\\\\FORMATION\\\\Devoirs\\\\MODULE3\\\\SOUTENANCE03-Knowledge\\\\knowledge-learning\\\\knowledge-learning\\\\vendor\\\\symfony\\\\messenger\\\\MessageBus.php\\\";s:4:\\\"line\\\";i:70;s:4:\\\"args\\\";a:2:{i:0;a:2:{i:0;s:6:\\\"object\\\";i:1;s:36:\\\"Symfony\\\\Component\\\\Messenger\\\\Envelope\\\";}i:1;a:2:{i:0;s:6:\\\"object\\\";i:1;s:53:\\\"Symfony\\\\Component\\\\Messenger\\\\Middleware\\\\TraceableStack\\\";}}}i:17;a:8:{s:9:\\\"namespace\\\";s:27:\\\"Symfony\\\\Component\\\\Messenger\\\";s:11:\\\"short_class\\\";s:10:\\\"MessageBus\\\";s:5:\\\"class\\\";s:38:\\\"Symfony\\\\Component\\\\Messenger\\\\MessageBus\\\";s:4:\\\"type\\\";s:2:\\\"->\\\";s:8:\\\"function\\\";s:8:\\\"dispatch\\\";s:4:\\\"file\\\";s:158:\\\"C:\\\\Users\\\\dupre\\\\Desktop\\\\FORMATION\\\\Devoirs\\\\MODULE3\\\\SOUTENANCE03-Knowledge\\\\knowledge-learning\\\\knowledge-learning\\\\vendor\\\\symfony\\\\messenger\\\\TraceableMessageBus.php\\\";s:4:\\\"line\\\";i:38;s:4:\\\"args\\\";a:2:{i:0;a:2:{i:0;s:6:\\\"object\\\";i:1;s:36:\\\"Symfony\\\\Component\\\\Messenger\\\\Envelope\\\";}i:1;a:2:{i:0;s:5:\\\"array\\\";i:1;a:0:{}}}}i:18;a:8:{s:9:\\\"namespace\\\";s:27:\\\"Symfony\\\\Component\\\\Messenger\\\";s:11:\\\"short_class\\\";s:19:\\\"TraceableMessageBus\\\";s:5:\\\"class\\\";s:47:\\\"Symfony\\\\Component\\\\Messenger\\\\TraceableMessageBus\\\";s:4:\\\"type\\\";s:2:\\\"->\\\";s:8:\\\"function\\\";s:8:\\\"dispatch\\\";s:4:\\\"file\\\";s:157:\\\"C:\\\\Users\\\\dupre\\\\Desktop\\\\FORMATION\\\\Devoirs\\\\MODULE3\\\\SOUTENANCE03-Knowledge\\\\knowledge-learning\\\\knowledge-learning\\\\vendor\\\\symfony\\\\messenger\\\\RoutableMessageBus.php\\\";s:4:\\\"line\\\";i:54;s:4:\\\"args\\\";a:2:{i:0;a:2:{i:0;s:6:\\\"object\\\";i:1;s:36:\\\"Symfony\\\\Component\\\\Messenger\\\\Envelope\\\";}i:1;a:2:{i:0;s:5:\\\"array\\\";i:1;a:0:{}}}}i:19;a:8:{s:9:\\\"namespace\\\";s:27:\\\"Symfony\\\\Component\\\\Messenger\\\";s:11:\\\"short_class\\\";s:18:\\\"RoutableMessageBus\\\";s:5:\\\"class\\\";s:46:\\\"Symfony\\\\Component\\\\Messenger\\\\RoutableMessageBus\\\";s:4:\\\"type\\\";s:2:\\\"->\\\";s:8:\\\"function\\\";s:8:\\\"dispatch\\\";s:4:\\\"file\\\";s:145:\\\"C:\\\\Users\\\\dupre\\\\Desktop\\\\FORMATION\\\\Devoirs\\\\MODULE3\\\\SOUTENANCE03-Knowledge\\\\knowledge-learning\\\\knowledge-learning\\\\vendor\\\\symfony\\\\messenger\\\\Worker.php\\\";s:4:\\\"line\\\";i:159;s:4:\\\"args\\\";a:1:{i:0;a:2:{i:0;s:6:\\\"object\\\";i:1;s:36:\\\"Symfony\\\\Component\\\\Messenger\\\\Envelope\\\";}}}i:20;a:8:{s:9:\\\"namespace\\\";s:27:\\\"Symfony\\\\Component\\\\Messenger\\\";s:11:\\\"short_class\\\";s:6:\\\"Worker\\\";s:5:\\\"class\\\";s:34:\\\"Symfony\\\\Component\\\\Messenger\\\\Worker\\\";s:4:\\\"type\\\";s:2:\\\"->\\\";s:8:\\\"function\\\";s:13:\\\"handleMessage\\\";s:4:\\\"file\\\";s:145:\\\"C:\\\\Users\\\\dupre\\\\Desktop\\\\FORMATION\\\\Devoirs\\\\MODULE3\\\\SOUTENANCE03-Knowledge\\\\knowledge-learning\\\\knowledge-learning\\\\vendor\\\\symfony\\\\messenger\\\\Worker.php\\\";s:4:\\\"line\\\";i:108;s:4:\\\"args\\\";a:2:{i:0;a:2:{i:0;s:6:\\\"object\\\";i:1;s:36:\\\"Symfony\\\\Component\\\\Messenger\\\\Envelope\\\";}i:1;a:2:{i:0;s:6:\\\"string\\\";i:1;s:5:\\\"async\\\";}}}i:21;a:8:{s:9:\\\"namespace\\\";s:27:\\\"Symfony\\\\Component\\\\Messenger\\\";s:11:\\\"short_class\\\";s:6:\\\"Worker\\\";s:5:\\\"class\\\";s:34:\\\"Symfony\\\\Component\\\\Messenger\\\\Worker\\\";s:4:\\\"type\\\";s:2:\\\"->\\\";s:8:\\\"function\\\";s:3:\\\"run\\\";s:4:\\\"file\\\";s:169:\\\"C:\\\\Users\\\\dupre\\\\Desktop\\\\FORMATION\\\\Devoirs\\\\MODULE3\\\\SOUTENANCE03-Knowledge\\\\knowledge-learning\\\\knowledge-learning\\\\vendor\\\\symfony\\\\messenger\\\\Command\\\\ConsumeMessagesCommand.php\\\";s:4:\\\"line\\\";i:244;s:4:\\\"args\\\";a:1:{i:0;a:2:{i:0;s:5:\\\"array\\\";i:1;a:1:{s:5:\\\"sleep\\\";a:2:{i:0;s:7:\\\"integer\\\";i:1;i:1000000;}}}}}i:22;a:8:{s:9:\\\"namespace\\\";s:35:\\\"Symfony\\\\Component\\\\Messenger\\\\Command\\\";s:11:\\\"short_class\\\";s:22:\\\"ConsumeMessagesCommand\\\";s:5:\\\"class\\\";s:58:\\\"Symfony\\\\Component\\\\Messenger\\\\Command\\\\ConsumeMessagesCommand\\\";s:4:\\\"type\\\";s:2:\\\"->\\\";s:8:\\\"function\\\";s:7:\\\"execute\\\";s:4:\\\"file\\\";s:152:\\\"C:\\\\Users\\\\dupre\\\\Desktop\\\\FORMATION\\\\Devoirs\\\\MODULE3\\\\SOUTENANCE03-Knowledge\\\\knowledge-learning\\\\knowledge-learning\\\\vendor\\\\symfony\\\\console\\\\Command\\\\Command.php\\\";s:4:\\\"line\\\";i:326;s:4:\\\"args\\\";a:2:{i:0;a:2:{i:0;s:6:\\\"object\\\";i:1;s:41:\\\"Symfony\\\\Component\\\\Console\\\\Input\\\\ArgvInput\\\";}i:1;a:2:{i:0;s:6:\\\"object\\\";i:1;s:46:\\\"Symfony\\\\Component\\\\Console\\\\Output\\\\ConsoleOutput\\\";}}}i:23;a:8:{s:9:\\\"namespace\\\";s:33:\\\"Symfony\\\\Component\\\\Console\\\\Command\\\";s:11:\\\"short_class\\\";s:7:\\\"Command\\\";s:5:\\\"class\\\";s:41:\\\"Symfony\\\\Component\\\\Console\\\\Command\\\\Command\\\";s:4:\\\"type\\\";s:2:\\\"->\\\";s:8:\\\"function\\\";s:3:\\\"run\\\";s:4:\\\"file\\\";s:148:\\\"C:\\\\Users\\\\dupre\\\\Desktop\\\\FORMATION\\\\Devoirs\\\\MODULE3\\\\SOUTENANCE03-Knowledge\\\\knowledge-learning\\\\knowledge-learning\\\\vendor\\\\symfony\\\\console\\\\Application.php\\\";s:4:\\\"line\\\";i:1096;s:4:\\\"args\\\";a:2:{i:0;a:2:{i:0;s:6:\\\"object\\\";i:1;s:41:\\\"Symfony\\\\Component\\\\Console\\\\Input\\\\ArgvInput\\\";}i:1;a:2:{i:0;s:6:\\\"object\\\";i:1;s:46:\\\"Symfony\\\\Component\\\\Console\\\\Output\\\\ConsoleOutput\\\";}}}i:24;a:8:{s:9:\\\"namespace\\\";s:25:\\\"Symfony\\\\Component\\\\Console\\\";s:11:\\\"short_class\\\";s:11:\\\"Application\\\";s:5:\\\"class\\\";s:37:\\\"Symfony\\\\Component\\\\Console\\\\Application\\\";s:4:\\\"type\\\";s:2:\\\"->\\\";s:8:\\\"function\\\";s:12:\\\"doRunCommand\\\";s:4:\\\"file\\\";s:165:\\\"C:\\\\Users\\\\dupre\\\\Desktop\\\\FORMATION\\\\Devoirs\\\\MODULE3\\\\SOUTENANCE03-Knowledge\\\\knowledge-learning\\\\knowledge-learning\\\\vendor\\\\symfony\\\\framework-bundle\\\\Console\\\\Application.php\\\";s:4:\\\"line\\\";i:126;s:4:\\\"args\\\";a:3:{i:0;a:2:{i:0;s:6:\\\"object\\\";i:1;s:58:\\\"Symfony\\\\Component\\\\Messenger\\\\Command\\\\ConsumeMessagesCommand\\\";}i:1;a:2:{i:0;s:6:\\\"object\\\";i:1;s:41:\\\"Symfony\\\\Component\\\\Console\\\\Input\\\\ArgvInput\\\";}i:2;a:2:{i:0;s:6:\\\"object\\\";i:1;s:46:\\\"Symfony\\\\Component\\\\Console\\\\Output\\\\ConsoleOutput\\\";}}}i:25;a:8:{s:9:\\\"namespace\\\";s:38:\\\"Symfony\\\\Bundle\\\\FrameworkBundle\\\\Console\\\";s:11:\\\"short_class\\\";s:11:\\\"Application\\\";s:5:\\\"class\\\";s:50:\\\"Symfony\\\\Bundle\\\\FrameworkBundle\\\\Console\\\\Application\\\";s:4:\\\"type\\\";s:2:\\\"->\\\";s:8:\\\"function\\\";s:12:\\\"doRunCommand\\\";s:4:\\\"file\\\";s:148:\\\"C:\\\\Users\\\\dupre\\\\Desktop\\\\FORMATION\\\\Devoirs\\\\MODULE3\\\\SOUTENANCE03-Knowledge\\\\knowledge-learning\\\\knowledge-learning\\\\vendor\\\\symfony\\\\console\\\\Application.php\\\";s:4:\\\"line\\\";i:324;s:4:\\\"args\\\";a:3:{i:0;a:2:{i:0;s:6:\\\"object\\\";i:1;s:58:\\\"Symfony\\\\Component\\\\Messenger\\\\Command\\\\ConsumeMessagesCommand\\\";}i:1;a:2:{i:0;s:6:\\\"object\\\";i:1;s:41:\\\"Symfony\\\\Component\\\\Console\\\\Input\\\\ArgvInput\\\";}i:2;a:2:{i:0;s:6:\\\"object\\\";i:1;s:46:\\\"Symfony\\\\Component\\\\Console\\\\Output\\\\ConsoleOutput\\\";}}}i:26;a:8:{s:9:\\\"namespace\\\";s:25:\\\"Symfony\\\\Component\\\\Console\\\";s:11:\\\"short_class\\\";s:11:\\\"Application\\\";s:5:\\\"class\\\";s:37:\\\"Symfony\\\\Component\\\\Console\\\\Application\\\";s:4:\\\"type\\\";s:2:\\\"->\\\";s:8:\\\"function\\\";s:5:\\\"doRun\\\";s:4:\\\"file\\\";s:165:\\\"C:\\\\Users\\\\dupre\\\\Desktop\\\\FORMATION\\\\Devoirs\\\\MODULE3\\\\SOUTENANCE03-Knowledge\\\\knowledge-learning\\\\knowledge-learning\\\\vendor\\\\symfony\\\\framework-bundle\\\\Console\\\\Application.php\\\";s:4:\\\"line\\\";i:80;s:4:\\\"args\\\";a:2:{i:0;a:2:{i:0;s:6:\\\"object\\\";i:1;s:41:\\\"Symfony\\\\Component\\\\Console\\\\Input\\\\ArgvInput\\\";}i:1;a:2:{i:0;s:6:\\\"object\\\";i:1;s:46:\\\"Symfony\\\\Component\\\\Console\\\\Output\\\\ConsoleOutput\\\";}}}i:27;a:8:{s:9:\\\"namespace\\\";s:38:\\\"Symfony\\\\Bundle\\\\FrameworkBundle\\\\Console\\\";s:11:\\\"short_class\\\";s:11:\\\"Application\\\";s:5:\\\"class\\\";s:50:\\\"Symfony\\\\Bundle\\\\FrameworkBundle\\\\Console\\\\Application\\\";s:4:\\\"type\\\";s:2:\\\"->\\\";s:8:\\\"function\\\";s:5:\\\"doRun\\\";s:4:\\\"file\\\";s:148:\\\"C:\\\\Users\\\\dupre\\\\Desktop\\\\FORMATION\\\\Devoirs\\\\MODULE3\\\\SOUTENANCE03-Knowledge\\\\knowledge-learning\\\\knowledge-learning\\\\vendor\\\\symfony\\\\console\\\\Application.php\\\";s:4:\\\"line\\\";i:175;s:4:\\\"args\\\";a:2:{i:0;a:2:{i:0;s:6:\\\"object\\\";i:1;s:41:\\\"Symfony\\\\Component\\\\Console\\\\Input\\\\ArgvInput\\\";}i:1;a:2:{i:0;s:6:\\\"object\\\";i:1;s:46:\\\"Symfony\\\\Component\\\\Console\\\\Output\\\\ConsoleOutput\\\";}}}i:28;a:8:{s:9:\\\"namespace\\\";s:25:\\\"Symfony\\\\Component\\\\Console\\\";s:11:\\\"short_class\\\";s:11:\\\"Application\\\";s:5:\\\"class\\\";s:37:\\\"Symfony\\\\Component\\\\Console\\\\Application\\\";s:4:\\\"type\\\";s:2:\\\"->\\\";s:8:\\\"function\\\";s:3:\\\"run\\\";s:4:\\\"file\\\";s:176:\\\"C:\\\\Users\\\\dupre\\\\Desktop\\\\FORMATION\\\\Devoirs\\\\MODULE3\\\\SOUTENANCE03-Knowledge\\\\knowledge-learning\\\\knowledge-learning\\\\vendor\\\\symfony\\\\runtime\\\\Runner\\\\Symfony\\\\ConsoleApplicationRunner.php\\\";s:4:\\\"line\\\";i:49;s:4:\\\"args\\\";a:2:{i:0;a:2:{i:0;s:6:\\\"object\\\";i:1;s:41:\\\"Symfony\\\\Component\\\\Console\\\\Input\\\\ArgvInput\\\";}i:1;a:2:{i:0;s:6:\\\"object\\\";i:1;s:46:\\\"Symfony\\\\Component\\\\Console\\\\Output\\\\ConsoleOutput\\\";}}}i:29;a:8:{s:9:\\\"namespace\\\";s:40:\\\"Symfony\\\\Component\\\\Runtime\\\\Runner\\\\Symfony\\\";s:11:\\\"short_class\\\";s:24:\\\"ConsoleApplicationRunner\\\";s:5:\\\"class\\\";s:65:\\\"Symfony\\\\Component\\\\Runtime\\\\Runner\\\\Symfony\\\\ConsoleApplicationRunner\\\";s:4:\\\"type\\\";s:2:\\\"->\\\";s:8:\\\"function\\\";s:3:\\\"run\\\";s:4:\\\"file\\\";s:137:\\\"C:\\\\Users\\\\dupre\\\\Desktop\\\\FORMATION\\\\Devoirs\\\\MODULE3\\\\SOUTENANCE03-Knowledge\\\\knowledge-learning\\\\knowledge-learning\\\\vendor\\\\autoload_runtime.php\\\";s:4:\\\"line\\\";i:29;s:4:\\\"args\\\";a:0:{}}i:30;a:8:{s:9:\\\"namespace\\\";s:0:\\\"\\\";s:11:\\\"short_class\\\";s:0:\\\"\\\";s:5:\\\"class\\\";s:0:\\\"\\\";s:4:\\\"type\\\";s:0:\\\"\\\";s:8:\\\"function\\\";s:12:\\\"require_once\\\";s:4:\\\"file\\\";s:121:\\\"C:\\\\Users\\\\dupre\\\\Desktop\\\\FORMATION\\\\Devoirs\\\\MODULE3\\\\SOUTENANCE03-Knowledge\\\\knowledge-learning\\\\knowledge-learning\\\\bin\\\\console\\\";s:4:\\\"line\\\";i:15;s:4:\\\"args\\\";a:1:{i:0;a:2:{i:0;s:6:\\\"string\\\";i:1;s:137:\\\"C:\\\\Users\\\\dupre\\\\Desktop\\\\FORMATION\\\\Devoirs\\\\MODULE3\\\\SOUTENANCE03-Knowledge\\\\knowledge-learning\\\\knowledge-learning\\\\vendor\\\\autoload_runtime.php\\\";}}}}s:72:\\\"\\0Symfony\\\\Component\\\\ErrorHandler\\\\Exception\\\\FlattenException\\0traceAsString\\\";s:9297:\\\"#0 C:\\\\Users\\\\dupre\\\\Desktop\\\\FORMATION\\\\Devoirs\\\\MODULE3\\\\SOUTENANCE03-Knowledge\\\\knowledge-learning\\\\knowledge-learning\\\\vendor\\\\symfony\\\\mailer\\\\Transport\\\\Smtp\\\\SmtpTransport.php(197): Symfony\\\\Component\\\\Mailer\\\\Transport\\\\Smtp\\\\SmtpTransport->assertResponseCode(\\\'550 5.7.0 Too m...\\\', Array)\n#1 C:\\\\Users\\\\dupre\\\\Desktop\\\\FORMATION\\\\Devoirs\\\\MODULE3\\\\SOUTENANCE03-Knowledge\\\\knowledge-learning\\\\knowledge-learning\\\\vendor\\\\symfony\\\\mailer\\\\Transport\\\\Smtp\\\\EsmtpTransport.php(118): Symfony\\\\Component\\\\Mailer\\\\Transport\\\\Smtp\\\\SmtpTransport->executeCommand(\\\'DATA\\\\r\\\\n\\\', Array)\n#2 C:\\\\Users\\\\dupre\\\\Desktop\\\\FORMATION\\\\Devoirs\\\\MODULE3\\\\SOUTENANCE03-Knowledge\\\\knowledge-learning\\\\knowledge-learning\\\\vendor\\\\symfony\\\\mailer\\\\Transport\\\\Smtp\\\\SmtpTransport.php(219): Symfony\\\\Component\\\\Mailer\\\\Transport\\\\Smtp\\\\EsmtpTransport->executeCommand(\\\'DATA\\\\r\\\\n\\\', Array)\n#3 C:\\\\Users\\\\dupre\\\\Desktop\\\\FORMATION\\\\Devoirs\\\\MODULE3\\\\SOUTENANCE03-Knowledge\\\\knowledge-learning\\\\knowledge-learning\\\\vendor\\\\symfony\\\\mailer\\\\Transport\\\\AbstractTransport.php(90): Symfony\\\\Component\\\\Mailer\\\\Transport\\\\Smtp\\\\SmtpTransport->doSend(Object(Symfony\\\\Component\\\\Mailer\\\\SentMessage))\n#4 C:\\\\Users\\\\dupre\\\\Desktop\\\\FORMATION\\\\Devoirs\\\\MODULE3\\\\SOUTENANCE03-Knowledge\\\\knowledge-learning\\\\knowledge-learning\\\\vendor\\\\symfony\\\\mailer\\\\Transport\\\\Smtp\\\\SmtpTransport.php(137): Symfony\\\\Component\\\\Mailer\\\\Transport\\\\AbstractTransport->send(Object(Symfony\\\\Component\\\\Mime\\\\Email), Object(Symfony\\\\Component\\\\Mailer\\\\DelayedEnvelope))\n#5 C:\\\\Users\\\\dupre\\\\Desktop\\\\FORMATION\\\\Devoirs\\\\MODULE3\\\\SOUTENANCE03-Knowledge\\\\knowledge-learning\\\\knowledge-learning\\\\vendor\\\\symfony\\\\mailer\\\\Transport\\\\Transports.php(51): Symfony\\\\Component\\\\Mailer\\\\Transport\\\\Smtp\\\\SmtpTransport->send(Object(Symfony\\\\Component\\\\Mime\\\\Email), NULL)\n#6 C:\\\\Users\\\\dupre\\\\Desktop\\\\FORMATION\\\\Devoirs\\\\MODULE3\\\\SOUTENANCE03-Knowledge\\\\knowledge-learning\\\\knowledge-learning\\\\vendor\\\\symfony\\\\mailer\\\\Messenger\\\\MessageHandler.php(31): Symfony\\\\Component\\\\Mailer\\\\Transport\\\\Transports->send(Object(Symfony\\\\Component\\\\Mime\\\\Email), NULL)\n#7 C:\\\\Users\\\\dupre\\\\Desktop\\\\FORMATION\\\\Devoirs\\\\MODULE3\\\\SOUTENANCE03-Knowledge\\\\knowledge-learning\\\\knowledge-learning\\\\vendor\\\\symfony\\\\messenger\\\\Middleware\\\\HandleMessageMiddleware.php(152): Symfony\\\\Component\\\\Mailer\\\\Messenger\\\\MessageHandler->__invoke(Object(Symfony\\\\Component\\\\Mailer\\\\Messenger\\\\SendEmailMessage))\n#8 C:\\\\Users\\\\dupre\\\\Desktop\\\\FORMATION\\\\Devoirs\\\\MODULE3\\\\SOUTENANCE03-Knowledge\\\\knowledge-learning\\\\knowledge-learning\\\\vendor\\\\symfony\\\\messenger\\\\Middleware\\\\HandleMessageMiddleware.php(91): Symfony\\\\Component\\\\Messenger\\\\Middleware\\\\HandleMessageMiddleware->callHandler(Object(Closure), Object(Symfony\\\\Component\\\\Mailer\\\\Messenger\\\\SendEmailMessage), NULL, NULL)\n#9 C:\\\\Users\\\\dupre\\\\Desktop\\\\FORMATION\\\\Devoirs\\\\MODULE3\\\\SOUTENANCE03-Knowledge\\\\knowledge-learning\\\\knowledge-learning\\\\vendor\\\\symfony\\\\messenger\\\\Middleware\\\\SendMessageMiddleware.php(71): Symfony\\\\Component\\\\Messenger\\\\Middleware\\\\HandleMessageMiddleware->handle(Object(Symfony\\\\Component\\\\Messenger\\\\Envelope), Object(Symfony\\\\Component\\\\Messenger\\\\Middleware\\\\TraceableStack))\n#10 C:\\\\Users\\\\dupre\\\\Desktop\\\\FORMATION\\\\Devoirs\\\\MODULE3\\\\SOUTENANCE03-Knowledge\\\\knowledge-learning\\\\knowledge-learning\\\\vendor\\\\symfony\\\\messenger\\\\Middleware\\\\FailedMessageProcessingMiddleware.php(34): Symfony\\\\Component\\\\Messenger\\\\Middleware\\\\SendMessageMiddleware->handle(Object(Symfony\\\\Component\\\\Messenger\\\\Envelope), Object(Symfony\\\\Component\\\\Messenger\\\\Middleware\\\\TraceableStack))\n#11 C:\\\\Users\\\\dupre\\\\Desktop\\\\FORMATION\\\\Devoirs\\\\MODULE3\\\\SOUTENANCE03-Knowledge\\\\knowledge-learning\\\\knowledge-learning\\\\vendor\\\\symfony\\\\messenger\\\\Middleware\\\\DispatchAfterCurrentBusMiddleware.php(68): Symfony\\\\Component\\\\Messenger\\\\Middleware\\\\FailedMessageProcessingMiddleware->handle(Object(Symfony\\\\Component\\\\Messenger\\\\Envelope), Object(Symfony\\\\Component\\\\Messenger\\\\Middleware\\\\TraceableStack))\n#12 C:\\\\Users\\\\dupre\\\\Desktop\\\\FORMATION\\\\Devoirs\\\\MODULE3\\\\SOUTENANCE03-Knowledge\\\\knowledge-learning\\\\knowledge-learning\\\\vendor\\\\symfony\\\\messenger\\\\Middleware\\\\RejectRedeliveredMessageMiddleware.php(41): Symfony\\\\Component\\\\Messenger\\\\Middleware\\\\DispatchAfterCurrentBusMiddleware->handle(Object(Symfony\\\\Component\\\\Messenger\\\\Envelope), Object(Symfony\\\\Component\\\\Messenger\\\\Middleware\\\\TraceableStack))\n#13 C:\\\\Users\\\\dupre\\\\Desktop\\\\FORMATION\\\\Devoirs\\\\MODULE3\\\\SOUTENANCE03-Knowledge\\\\knowledge-learning\\\\knowledge-learning\\\\vendor\\\\symfony\\\\messenger\\\\Middleware\\\\AddBusNameStampMiddleware.php(37): Symfony\\\\Component\\\\Messenger\\\\Middleware\\\\RejectRedeliveredMessageMiddleware->handle(Object(Symfony\\\\Component\\\\Messenger\\\\Envelope), Object(Symfony\\\\Component\\\\Messenger\\\\Middleware\\\\TraceableStack))\n#14 C:\\\\Users\\\\dupre\\\\Desktop\\\\FORMATION\\\\Devoirs\\\\MODULE3\\\\SOUTENANCE03-Knowledge\\\\knowledge-learning\\\\knowledge-learning\\\\vendor\\\\symfony\\\\messenger\\\\Middleware\\\\TraceableMiddleware.php(40): Symfony\\\\Component\\\\Messenger\\\\Middleware\\\\AddBusNameStampMiddleware->handle(Object(Symfony\\\\Component\\\\Messenger\\\\Envelope), Object(Symfony\\\\Component\\\\Messenger\\\\Middleware\\\\TraceableStack))\n#15 C:\\\\Users\\\\dupre\\\\Desktop\\\\FORMATION\\\\Devoirs\\\\MODULE3\\\\SOUTENANCE03-Knowledge\\\\knowledge-learning\\\\knowledge-learning\\\\vendor\\\\symfony\\\\messenger\\\\MessageBus.php(70): Symfony\\\\Component\\\\Messenger\\\\Middleware\\\\TraceableMiddleware->handle(Object(Symfony\\\\Component\\\\Messenger\\\\Envelope), Object(Symfony\\\\Component\\\\Messenger\\\\Middleware\\\\TraceableStack))\n#16 C:\\\\Users\\\\dupre\\\\Desktop\\\\FORMATION\\\\Devoirs\\\\MODULE3\\\\SOUTENANCE03-Knowledge\\\\knowledge-learning\\\\knowledge-learning\\\\vendor\\\\symfony\\\\messenger\\\\TraceableMessageBus.php(38): Symfony\\\\Component\\\\Messenger\\\\MessageBus->dispatch(Object(Symfony\\\\Component\\\\Messenger\\\\Envelope), Array)\n#17 C:\\\\Users\\\\dupre\\\\Desktop\\\\FORMATION\\\\Devoirs\\\\MODULE3\\\\SOUTENANCE03-Knowledge\\\\knowledge-learning\\\\knowledge-learning\\\\vendor\\\\symfony\\\\messenger\\\\RoutableMessageBus.php(54): Symfony\\\\Component\\\\Messenger\\\\TraceableMessageBus->dispatch(Object(Symfony\\\\Component\\\\Messenger\\\\Envelope), Array)\n#18 C:\\\\Users\\\\dupre\\\\Desktop\\\\FORMATION\\\\Devoirs\\\\MODULE3\\\\SOUTENANCE03-Knowledge\\\\knowledge-learning\\\\knowledge-learning\\\\vendor\\\\symfony\\\\messenger\\\\Worker.php(159): Symfony\\\\Component\\\\Messenger\\\\RoutableMessageBus->dispatch(Object(Symfony\\\\Component\\\\Messenger\\\\Envelope))\n#19 C:\\\\Users\\\\dupre\\\\Desktop\\\\FORMATION\\\\Devoirs\\\\MODULE3\\\\SOUTENANCE03-Knowledge\\\\knowledge-learning\\\\knowledge-learning\\\\vendor\\\\symfony\\\\messenger\\\\Worker.php(108): Symfony\\\\Component\\\\Messenger\\\\Worker->handleMessage(Object(Symfony\\\\Component\\\\Messenger\\\\Envelope), \\\'async\\\')\n#20 C:\\\\Users\\\\dupre\\\\Desktop\\\\FORMATION\\\\Devoirs\\\\MODULE3\\\\SOUTENANCE03-Knowledge\\\\knowledge-learning\\\\knowledge-learning\\\\vendor\\\\symfony\\\\messenger\\\\Command\\\\ConsumeMessagesCommand.php(244): Symfony\\\\Component\\\\Messenger\\\\Worker->run(Array)\n#21 C:\\\\Users\\\\dupre\\\\Desktop\\\\FORMATION\\\\Devoirs\\\\MODULE3\\\\SOUTENANCE03-Knowledge\\\\knowledge-learning\\\\knowledge-learning\\\\vendor\\\\symfony\\\\console\\\\Command\\\\Command.php(326): Symfony\\\\Component\\\\Messenger\\\\Command\\\\ConsumeMessagesCommand->execute(Object(Symfony\\\\Component\\\\Console\\\\Input\\\\ArgvInput), Object(Symfony\\\\Component\\\\Console\\\\Output\\\\ConsoleOutput))\n#22 C:\\\\Users\\\\dupre\\\\Desktop\\\\FORMATION\\\\Devoirs\\\\MODULE3\\\\SOUTENANCE03-Knowledge\\\\knowledge-learning\\\\knowledge-learning\\\\vendor\\\\symfony\\\\console\\\\Application.php(1096): Symfony\\\\Component\\\\Console\\\\Command\\\\Command->run(Object(Symfony\\\\Component\\\\Console\\\\Input\\\\ArgvInput), Object(Symfony\\\\Component\\\\Console\\\\Output\\\\ConsoleOutput))\n#23 C:\\\\Users\\\\dupre\\\\Desktop\\\\FORMATION\\\\Devoirs\\\\MODULE3\\\\SOUTENANCE03-Knowledge\\\\knowledge-learning\\\\knowledge-learning\\\\vendor\\\\symfony\\\\framework-bundle\\\\Console\\\\Application.php(126): Symfony\\\\Component\\\\Console\\\\Application->doRunCommand(Object(Symfony\\\\Component\\\\Messenger\\\\Command\\\\ConsumeMessagesCommand), Object(Symfony\\\\Component\\\\Console\\\\Input\\\\ArgvInput), Object(Symfony\\\\Component\\\\Console\\\\Output\\\\ConsoleOutput))\n#24 C:\\\\Users\\\\dupre\\\\Desktop\\\\FORMATION\\\\Devoirs\\\\MODULE3\\\\SOUTENANCE03-Knowledge\\\\knowledge-learning\\\\knowledge-learning\\\\vendor\\\\symfony\\\\console\\\\Application.php(324): Symfony\\\\Bundle\\\\FrameworkBundle\\\\Console\\\\Application->doRunCommand(Object(Symfony\\\\Component\\\\Messenger\\\\Command\\\\ConsumeMessagesCommand), Object(Symfony\\\\Component\\\\Console\\\\Input\\\\ArgvInput), Object(Symfony\\\\Component\\\\Console\\\\Output\\\\ConsoleOutput))\n#25 C:\\\\Users\\\\dupre\\\\Desktop\\\\FORMATION\\\\Devoirs\\\\MODULE3\\\\SOUTENANCE03-Knowledge\\\\knowledge-learning\\\\knowledge-learning\\\\vendor\\\\symfony\\\\framework-bundle\\\\Console\\\\Application.php(80): Symfony\\\\Component\\\\Console\\\\Application->doRun(Object(Symfony\\\\Component\\\\Console\\\\Input\\\\ArgvInput), Object(Symfony\\\\Component\\\\Console\\\\Output\\\\ConsoleOutput))\n#26 C:\\\\Users\\\\dupre\\\\Desktop\\\\FORMATION\\\\Devoirs\\\\MODULE3\\\\SOUTENANCE03-Knowledge\\\\knowledge-learning\\\\knowledge-learning\\\\vendor\\\\symfony\\\\console\\\\Application.php(175): Symfony\\\\Bundle\\\\FrameworkBundle\\\\Console\\\\Application->doRun(Object(Symfony\\\\Component\\\\Console\\\\Input\\\\ArgvInput), Object(Symfony\\\\Component\\\\Console\\\\Output\\\\ConsoleOutput))\n#27 C:\\\\Users\\\\dupre\\\\Desktop\\\\FORMATION\\\\Devoirs\\\\MODULE3\\\\SOUTENANCE03-Knowledge\\\\knowledge-learning\\\\knowledge-learning\\\\vendor\\\\symfony\\\\runtime\\\\Runner\\\\Symfony\\\\ConsoleApplicationRunner.php(49): Symfony\\\\Component\\\\Console\\\\Application->run(Object(Symfony\\\\Component\\\\Console\\\\Input\\\\ArgvInput), Object(Symfony\\\\Component\\\\Console\\\\Output\\\\ConsoleOutput))\n#28 C:\\\\Users\\\\dupre\\\\Desktop\\\\FORMATION\\\\Devoirs\\\\MODULE3\\\\SOUTENANCE03-Knowledge\\\\knowledge-learning\\\\knowledge-learning\\\\vendor\\\\autoload_runtime.php(29): Symfony\\\\Component\\\\Runtime\\\\Runner\\\\Symfony\\\\ConsoleApplicationRunner->run()\n#29 C:\\\\Users\\\\dupre\\\\Desktop\\\\FORMATION\\\\Devoirs\\\\MODULE3\\\\SOUTENANCE03-Knowledge\\\\knowledge-learning\\\\knowledge-learning\\\\bin\\\\console(15): require_once(\\\'C:\\\\\\\\Users\\\\\\\\dupre\\\\\\\\...\\\')\n#30 {main}\\\";s:64:\\\"\\0Symfony\\\\Component\\\\ErrorHandler\\\\Exception\\\\FlattenException\\0class\\\";s:62:\\\"Symfony\\\\Component\\\\Mailer\\\\Exception\\\\UnexpectedResponseException\\\";s:69:\\\"\\0Symfony\\\\Component\\\\ErrorHandler\\\\Exception\\\\FlattenException\\0statusCode\\\";i:500;s:69:\\\"\\0Symfony\\\\Component\\\\ErrorHandler\\\\Exception\\\\FlattenException\\0statusText\\\";s:21:\\\"Internal Server Error\\\";s:66:\\\"\\0Symfony\\\\Component\\\\ErrorHandler\\\\Exception\\\\FlattenException\\0headers\\\";a:0:{}s:63:\\\"\\0Symfony\\\\Component\\\\ErrorHandler\\\\Exception\\\\FlattenException\\0file\\\";s:164:\\\"C:\\\\Users\\\\dupre\\\\Desktop\\\\FORMATION\\\\Devoirs\\\\MODULE3\\\\SOUTENANCE03-Knowledge\\\\knowledge-learning\\\\knowledge-learning\\\\vendor\\\\symfony\\\\mailer\\\\Transport\\\\Smtp\\\\SmtpTransport.php\\\";s:63:\\\"\\0Symfony\\\\Component\\\\ErrorHandler\\\\Exception\\\\FlattenException\\0line\\\";i:338;s:67:\\\"\\0Symfony\\\\Component\\\\ErrorHandler\\\\Exception\\\\FlattenException\\0asString\\\";N;}}}s:44:\\\"Symfony\\\\Component\\\\Messenger\\\\Stamp\\\\DelayStamp\\\";a:4:{i:0;O:44:\\\"Symfony\\\\Component\\\\Messenger\\\\Stamp\\\\DelayStamp\\\":1:{s:51:\\\"\\0Symfony\\\\Component\\\\Messenger\\\\Stamp\\\\DelayStamp\\0delay\\\";i:1000;}i:1;O:44:\\\"Symfony\\\\Component\\\\Messenger\\\\Stamp\\\\DelayStamp\\\":1:{s:51:\\\"\\0Symfony\\\\Component\\\\Messenger\\\\Stamp\\\\DelayStamp\\0delay\\\";i:2000;}i:2;O:44:\\\"Symfony\\\\Component\\\\Messenger\\\\Stamp\\\\DelayStamp\\\":1:{s:51:\\\"\\0Symfony\\\\Component\\\\Messenger\\\\Stamp\\\\DelayStamp\\0delay\\\";i:4000;}i:3;O:44:\\\"Symfony\\\\Component\\\\Messenger\\\\Stamp\\\\DelayStamp\\\":1:{s:51:\\\"\\0Symfony\\\\Component\\\\Messenger\\\\Stamp\\\\DelayStamp\\0delay\\\";i:0;}}s:49:\\\"Symfony\\\\Component\\\\Messenger\\\\Stamp\\\\RedeliveryStamp\\\";a:4:{i:0;O:49:\\\"Symfony\\\\Component\\\\Messenger\\\\Stamp\\\\RedeliveryStamp\\\":2:{s:61:\\\"\\0Symfony\\\\Component\\\\Messenger\\\\Stamp\\\\RedeliveryStamp\\0retryCount\\\";i:1;s:64:\\\"\\0Symfony\\\\Component\\\\Messenger\\\\Stamp\\\\RedeliveryStamp\\0redeliveredAt\\\";O:17:\\\"DateTimeImmutable\\\":3:{s:4:\\\"date\\\";s:26:\\\"2025-06-12 08:55:18.883681\\\";s:13:\\\"timezone_type\\\";i:3;s:8:\\\"timezone\\\";s:3:\\\"UTC\\\";}}i:1;O:49:\\\"Symfony\\\\Component\\\\Messenger\\\\Stamp\\\\RedeliveryStamp\\\":2:{s:61:\\\"\\0Symfony\\\\Component\\\\Messenger\\\\Stamp\\\\RedeliveryStamp\\0retryCount\\\";i:2;s:64:\\\"\\0Symfony\\\\Component\\\\Messenger\\\\Stamp\\\\RedeliveryStamp\\0redeliveredAt\\\";O:17:\\\"DateTimeImmutable\\\":3:{s:4:\\\"date\\\";s:26:\\\"2025-06-12 08:55:21.990081\\\";s:13:\\\"timezone_type\\\";i:3;s:8:\\\"timezone\\\";s:3:\\\"UTC\\\";}}i:2;O:49:\\\"Symfony\\\\Component\\\\Messenger\\\\Stamp\\\\RedeliveryStamp\\\":2:{s:61:\\\"\\0Symfony\\\\Component\\\\Messenger\\\\Stamp\\\\RedeliveryStamp\\0retryCount\\\";i:3;s:64:\\\"\\0Symfony\\\\Component\\\\Messenger\\\\Stamp\\\\RedeliveryStamp\\0redeliveredAt\\\";O:17:\\\"DateTimeImmutable\\\":3:{s:4:\\\"date\\\";s:26:\\\"2025-06-12 08:55:25.045324\\\";s:13:\\\"timezone_type\\\";i:3;s:8:\\\"timezone\\\";s:3:\\\"UTC\\\";}}i:3;O:49:\\\"Symfony\\\\Component\\\\Messenger\\\\Stamp\\\\RedeliveryStamp\\\":2:{s:61:\\\"\\0Symfony\\\\Component\\\\Messenger\\\\Stamp\\\\RedeliveryStamp\\0retryCount\\\";i:0;s:64:\\\"\\0Symfony\\\\Component\\\\Messenger\\\\Stamp\\\\RedeliveryStamp\\0redeliveredAt\\\";O:17:\\\"DateTimeImmutable\\\":3:{s:4:\\\"date\\\";s:26:\\\"2025-06-12 08:55:30.148674\\\";s:13:\\\"timezone_type\\\";i:3;s:8:\\\"timezone\\\";s:3:\\\"UTC\\\";}}}s:57:\\\"Symfony\\\\Component\\\\Messenger\\\\Stamp\\\\TransportMessageIdStamp\\\";a:1:{i:0;O:57:\\\"Symfony\\\\Component\\\\Messenger\\\\Stamp\\\\TransportMessageIdStamp\\\":1:{s:61:\\\"\\0Symfony\\\\Component\\\\Messenger\\\\Stamp\\\\TransportMessageIdStamp\\0id\\\";i:26;}}s:61:\\\"Symfony\\\\Component\\\\Messenger\\\\Stamp\\\\SentToFailureTransportStamp\\\";a:1:{i:0;O:61:\\\"Symfony\\\\Component\\\\Messenger\\\\Stamp\\\\SentToFailureTransportStamp\\\":1:{s:83:\\\"\\0Symfony\\\\Component\\\\Messenger\\\\Stamp\\\\SentToFailureTransportStamp\\0originalReceiverName\\\";s:5:\\\"async\\\";}}}s:45:\\\"\\0Symfony\\\\Component\\\\Messenger\\\\Envelope\\0message\\\";O:51:\\\"Symfony\\\\Component\\\\Mailer\\\\Messenger\\\\SendEmailMessage\\\":2:{s:60:\\\"\\0Symfony\\\\Component\\\\Mailer\\\\Messenger\\\\SendEmailMessage\\0message\\\";O:28:\\\"Symfony\\\\Component\\\\Mime\\\\Email\\\":6:{i:0;s:34:\\\"This is a test email from Symfony.\\\";i:1;s:5:\\\"utf-8\\\";i:2;N;i:3;N;i:4;a:0:{}i:5;a:2:{i:0;O:37:\\\"Symfony\\\\Component\\\\Mime\\\\Header\\\\Headers\\\":2:{s:46:\\\"\\0Symfony\\\\Component\\\\Mime\\\\Header\\\\Headers\\0headers\\\";a:3:{s:4:\\\"from\\\";a:1:{i:0;O:47:\\\"Symfony\\\\Component\\\\Mime\\\\Header\\\\MailboxListHeader\\\":5:{s:50:\\\"\\0Symfony\\\\Component\\\\Mime\\\\Header\\\\AbstractHeader\\0name\\\";s:4:\\\"From\\\";s:56:\\\"\\0Symfony\\\\Component\\\\Mime\\\\Header\\\\AbstractHeader\\0lineLength\\\";i:76;s:50:\\\"\\0Symfony\\\\Component\\\\Mime\\\\Header\\\\AbstractHeader\\0lang\\\";N;s:53:\\\"\\0Symfony\\\\Component\\\\Mime\\\\Header\\\\AbstractHeader\\0charset\\\";s:5:\\\"utf-8\\\";s:58:\\\"\\0Symfony\\\\Component\\\\Mime\\\\Header\\\\MailboxListHeader\\0addresses\\\";a:1:{i:0;O:30:\\\"Symfony\\\\Component\\\\Mime\\\\Address\\\":2:{s:39:\\\"\\0Symfony\\\\Component\\\\Mime\\\\Address\\0address\\\";s:23:\\\"noreply@knowledge.local\\\";s:36:\\\"\\0Symfony\\\\Component\\\\Mime\\\\Address\\0name\\\";s:0:\\\"\\\";}}}}s:2:\\\"to\\\";a:1:{i:0;O:47:\\\"Symfony\\\\Component\\\\Mime\\\\Header\\\\MailboxListHeader\\\":5:{s:50:\\\"\\0Symfony\\\\Component\\\\Mime\\\\Header\\\\AbstractHeader\\0name\\\";s:2:\\\"To\\\";s:56:\\\"\\0Symfony\\\\Component\\\\Mime\\\\Header\\\\AbstractHeader\\0lineLength\\\";i:76;s:50:\\\"\\0Symfony\\\\Component\\\\Mime\\\\Header\\\\AbstractHeader\\0lang\\\";N;s:53:\\\"\\0Symfony\\\\Component\\\\Mime\\\\Header\\\\AbstractHeader\\0charset\\\";s:5:\\\"utf-8\\\";s:58:\\\"\\0Symfony\\\\Component\\\\Mime\\\\Header\\\\MailboxListHeader\\0addresses\\\";a:1:{i:0;O:30:\\\"Symfony\\\\Component\\\\Mime\\\\Address\\\":2:{s:39:\\\"\\0Symfony\\\\Component\\\\Mime\\\\Address\\0address\\\";s:16:\\\"test@example.com\\\";s:36:\\\"\\0Symfony\\\\Component\\\\Mime\\\\Address\\0name\\\";s:0:\\\"\\\";}}}}s:7:\\\"subject\\\";a:1:{i:0;O:48:\\\"Symfony\\\\Component\\\\Mime\\\\Header\\\\UnstructuredHeader\\\":5:{s:50:\\\"\\0Symfony\\\\Component\\\\Mime\\\\Header\\\\AbstractHeader\\0name\\\";s:7:\\\"Subject\\\";s:56:\\\"\\0Symfony\\\\Component\\\\Mime\\\\Header\\\\AbstractHeader\\0lineLength\\\";i:76;s:50:\\\"\\0Symfony\\\\Component\\\\Mime\\\\Header\\\\AbstractHeader\\0lang\\\";N;s:53:\\\"\\0Symfony\\\\Component\\\\Mime\\\\Header\\\\AbstractHeader\\0charset\\\";s:5:\\\"utf-8\\\";s:55:\\\"\\0Symfony\\\\Component\\\\Mime\\\\Header\\\\UnstructuredHeader\\0value\\\";s:10:\\\"Test Email\\\";}}}s:49:\\\"\\0Symfony\\\\Component\\\\Mime\\\\Header\\\\Headers\\0lineLength\\\";i:76;}i:1;N;}}s:61:\\\"\\0Symfony\\\\Component\\\\Mailer\\\\Messenger\\\\SendEmailMessage\\0envelope\\\";N;}}', '[]', 'failed', '2025-06-12 08:55:30', '2025-06-12 08:55:30', NULL);

-- --------------------------------------------------------

--
-- Structure de la table `orders`
--

DROP TABLE IF EXISTS `orders`;
CREATE TABLE IF NOT EXISTS `orders` (
  `id` int NOT NULL AUTO_INCREMENT,
  `user_id` int NOT NULL,
  `stripe_session_id` varchar(255) COLLATE utf8mb4_unicode_ci NOT NULL,
  `total` double NOT NULL,
  `status` varchar(255) COLLATE utf8mb4_unicode_ci NOT NULL,
  `created_at` datetime NOT NULL COMMENT '(DC2Type:datetime_immutable)',
  `updated_at` datetime DEFAULT NULL COMMENT '(DC2Type:datetime_immutable)',
  PRIMARY KEY (`id`),
  KEY `IDX_E52FFDEEA76ED395` (`user_id`)
) ENGINE=InnoDB AUTO_INCREMENT=5 DEFAULT CHARSET=utf8mb4 COLLATE=utf8mb4_unicode_ci;

--
-- Déchargement des données de la table `orders`
--

INSERT INTO `orders` (`id`, `user_id`, `stripe_session_id`, `total`, `status`, `created_at`, `updated_at`) VALUES
(1, 31, 'cs_test_b12UmAa72nCWStFW0wwO8JnPxvly1hLLgrrgLpJJRMy5YNs6igdKfJ7Epb', 76, 'paid', '2025-07-03 13:28:18', NULL),
(2, 36, 'cs_test_b1UglqrpjAJQeT4KRc3FgjzYwCR9fc06pKJDyVZauzMwKPx2B7Dz1y231S', 100, 'paid', '2025-07-03 13:54:13', NULL),
(3, 31, 'cs_test_a1z44u8jGEG02NPjC3SlZZYM3x3ntmS9ThOfL9k2leNUGTdSG58Y45sC5h', 32, 'paid', '2025-07-03 14:03:22', NULL),
(4, 31, 'cs_test_a1Iz3BIfcZpfuHJFTTswe63FFpIPfYvI7Owjbigy5BcUxTb53qdmW0cohk', 26, 'paid', '2025-07-04 21:03:20', NULL);

-- --------------------------------------------------------

--
-- Structure de la table `order_item`
--

DROP TABLE IF EXISTS `order_item`;
CREATE TABLE IF NOT EXISTS `order_item` (
  `id` int NOT NULL AUTO_INCREMENT,
  `order_id` int NOT NULL,
  `lesson_id` int DEFAULT NULL,
  `cursus_id` int DEFAULT NULL,
  `price` double NOT NULL,
  `type` varchar(255) COLLATE utf8mb4_unicode_ci NOT NULL,
  `label` varchar(255) COLLATE utf8mb4_unicode_ci NOT NULL,
  `created_at` datetime NOT NULL COMMENT '(DC2Type:datetime_immutable)',
  `updated_at` datetime DEFAULT NULL COMMENT '(DC2Type:datetime_immutable)',
  PRIMARY KEY (`id`),
  KEY `IDX_52EA1F098D9F6D38` (`order_id`),
  KEY `IDX_52EA1F09CDF80196` (`lesson_id`),
  KEY `IDX_52EA1F0940AEF4B9` (`cursus_id`)
) ENGINE=InnoDB AUTO_INCREMENT=7 DEFAULT CHARSET=utf8mb4 COLLATE=utf8mb4_unicode_ci;

--
-- Déchargement des données de la table `order_item`
--

INSERT INTO `order_item` (`id`, `order_id`, `lesson_id`, `cursus_id`, `price`, `type`, `label`, `created_at`, `updated_at`) VALUES
(1, 1, NULL, 8, 44, 'cursus', 'Initiation à la cuisine', '2025-07-03 13:28:18', NULL),
(2, 1, 10, NULL, 32, 'lesson', 'Leçon n°1 : Les langages HTML et CSS', '2025-07-03 13:28:18', NULL),
(3, 2, NULL, 4, 50, 'cursus', 'Initiation à la guitare', '2025-07-03 13:54:13', NULL),
(4, 2, NULL, 6, 50, 'cursus', 'Initiation au piano', '2025-07-03 13:54:13', NULL),
(5, 3, 11, NULL, 32, 'lesson', 'Leçon n°2 : Dynamiser votre site avec Javascript', '2025-07-03 14:03:22', NULL),
(6, 4, 5, NULL, 26, 'lesson', 'Leçon n°1 : Découverte de l\'instrument', '2025-07-04 21:03:20', NULL);

-- --------------------------------------------------------

--
-- Structure de la table `theme`
--

DROP TABLE IF EXISTS `theme`;
CREATE TABLE IF NOT EXISTS `theme` (
  `id` int NOT NULL AUTO_INCREMENT,
  `name` varchar(255) COLLATE utf8mb4_unicode_ci NOT NULL,
  `created_by_id` int DEFAULT NULL,
  `updated_by_id` int DEFAULT NULL,
  `created_at` datetime NOT NULL COMMENT '(DC2Type:datetime_immutable)',
  `updated_at` datetime DEFAULT NULL COMMENT '(DC2Type:datetime_immutable)',
  `image` varchar(255) COLLATE utf8mb4_unicode_ci DEFAULT NULL,
  PRIMARY KEY (`id`),
  KEY `IDX_9775E708B03A8386` (`created_by_id`),
  KEY `IDX_9775E708896DBBDE` (`updated_by_id`)
) ENGINE=InnoDB AUTO_INCREMENT=10 DEFAULT CHARSET=utf8mb4 COLLATE=utf8mb4_unicode_ci;

--
-- Déchargement des données de la table `theme`
--

INSERT INTO `theme` (`id`, `name`, `created_by_id`, `updated_by_id`, `created_at`, `updated_at`, `image`) VALUES
(5, 'Musique', 32, 32, '2025-06-24 13:59:47', NULL, 'theme_685aaf53db80c.jpg'),
(7, 'Informatique', 32, 32, '2025-06-25 08:56:10', NULL, 'theme_685bb9aab6648.jpg'),
(8, 'Cuisine', 32, 32, '2025-06-25 09:02:51', NULL, 'theme_685bbb3b2756e.jpg'),
(9, 'Jardinage', 32, 32, '2025-06-25 19:44:19', NULL, 'theme_685c51933a312.jpg');

-- --------------------------------------------------------

--
-- Structure de la table `user`
--

DROP TABLE IF EXISTS `user`;
CREATE TABLE IF NOT EXISTS `user` (
  `id` int NOT NULL AUTO_INCREMENT,
  `created_by_id` int DEFAULT NULL,
  `updated_by_id` int DEFAULT NULL,
  `email` varchar(180) COLLATE utf8mb4_unicode_ci NOT NULL,
  `roles` json NOT NULL,
  `password` varchar(255) COLLATE utf8mb4_unicode_ci NOT NULL,
  `first_name` varchar(100) COLLATE utf8mb4_unicode_ci NOT NULL,
  `last_name` varchar(100) COLLATE utf8mb4_unicode_ci NOT NULL,
  `created_at` datetime NOT NULL COMMENT '(DC2Type:datetime_immutable)',
  `updated_at` datetime DEFAULT NULL COMMENT '(DC2Type:datetime_immutable)',
  `is_verified` tinyint(1) NOT NULL,
  PRIMARY KEY (`id`),
  UNIQUE KEY `UNIQ_IDENTIFIER_EMAIL` (`email`),
  KEY `IDX_8D93D649B03A8386` (`created_by_id`),
  KEY `IDX_8D93D649896DBBDE` (`updated_by_id`)
) ENGINE=InnoDB AUTO_INCREMENT=37 DEFAULT CHARSET=utf8mb4 COLLATE=utf8mb4_unicode_ci;

--
-- Déchargement des données de la table `user`
--

INSERT INTO `user` (`id`, `created_by_id`, `updated_by_id`, `email`, `roles`, `password`, `first_name`, `last_name`, `created_at`, `updated_at`, `is_verified`) VALUES
(31, NULL, NULL, 'johndoe@gmail.fr', '[\"ROLE_CLIENT\"]', '$2y$13$Zl52KC/xnU4hX9m0x15eteK5q31VdDJ64JNrLR214qt1zds1s1HI.', 'John', 'Doe', '2025-06-16 19:59:31', '2025-06-17 08:58:11', 1),
(32, NULL, NULL, 'professor@gmail.com', '[\"ROLE_ADMIN\"]', '$2y$13$e5I9zOaJHdQPH/4cwlIFCO0N19Y/PCU6Xv5xqUZpR0zxcRiivmRAy', 'Professeur', 'Dali', '2025-06-16 20:26:33', '2025-06-16 20:26:40', 1),
(33, 32, 32, 'j.eude@gmail.net', '[\"ROLE_CLIENT\"]', '$2y$13$dpCVclv5G6cdVUpgXhaeFOCHPtkz/1CYRmK9gsrAgSCyXs/jsvwrG', 'Jean2', 'Eude', '2025-06-17 12:04:00', '2025-06-17 12:33:36', 0),
(34, 32, 32, 'dd@gmail.com', '[\"ROLE_CLIENT\"]', '$2y$13$0r6NsjH0di1TsW9b7s6AgOBz23OviIouMQrHWdNadOD7kltRefeqi', 'd', 'd', '2025-06-17 12:46:38', NULL, 0),
(35, 32, 32, 'letydoe@gmail.com', '[\"ROLE_ADMIN\"]', '$2y$13$/DzzVKGKpxNFGczAMfmle.MBdesK7iEYbTM9AhWWkgqLSXXNo1ryq', 'Lety', 'Doe', '2025-06-17 13:26:36', NULL, 0),
(36, NULL, NULL, 'a.terrieur@gmail.com', '[\"ROLE_CLIENT\"]', '$2y$13$5kEPcLXBF32DVquUcySXx.ePQsQU2mb/1VAn/ORE8O27z.ZzQT15C', 'Alex', 'Terrieur', '2025-07-03 13:52:49', '2025-07-03 13:52:58', 1);

-- --------------------------------------------------------

--
-- Structure de la table `user_certification`
--

DROP TABLE IF EXISTS `user_certification`;
CREATE TABLE IF NOT EXISTS `user_certification` (
  `id` int NOT NULL AUTO_INCREMENT,
  `user_id` int NOT NULL,
  `cursus_id` int NOT NULL,
  `created_at` datetime NOT NULL COMMENT '(DC2Type:datetime_immutable)',
  `updated_at` datetime DEFAULT NULL COMMENT '(DC2Type:datetime_immutable)',
  PRIMARY KEY (`id`),
  KEY `IDX_82B2C025A76ED395` (`user_id`),
  KEY `IDX_82B2C02540AEF4B9` (`cursus_id`)
) ENGINE=InnoDB AUTO_INCREMENT=2 DEFAULT CHARSET=utf8mb4 COLLATE=utf8mb4_unicode_ci;

--
-- Déchargement des données de la table `user_certification`
--

INSERT INTO `user_certification` (`id`, `user_id`, `cursus_id`, `created_at`, `updated_at`) VALUES
(1, 31, 5, '2025-07-04 09:23:00', NULL);

-- --------------------------------------------------------

--
-- Structure de la table `user_lesson`
--

DROP TABLE IF EXISTS `user_lesson`;
CREATE TABLE IF NOT EXISTS `user_lesson` (
  `id` int NOT NULL AUTO_INCREMENT,
  `user_id` int NOT NULL,
  `lesson_id` int NOT NULL,
  `created_at` datetime NOT NULL COMMENT '(DC2Type:datetime_immutable)',
  `updated_at` datetime DEFAULT NULL COMMENT '(DC2Type:datetime_immutable)',
  `is_validated` tinyint(1) NOT NULL,
  PRIMARY KEY (`id`),
  KEY `IDX_9D266FCEA76ED395` (`user_id`),
  KEY `IDX_9D266FCECDF80196` (`lesson_id`)
) ENGINE=InnoDB AUTO_INCREMENT=15 DEFAULT CHARSET=utf8mb4 COLLATE=utf8mb4_unicode_ci;

--
-- Déchargement des données de la table `user_lesson`
--

INSERT INTO `user_lesson` (`id`, `user_id`, `lesson_id`, `created_at`, `updated_at`, `is_validated`) VALUES
(1, 31, 6, '2025-06-26 19:33:11', '2025-07-04 09:23:00', 1),
(2, 31, 7, '2025-06-26 20:13:00', NULL, 0),
(3, 31, 16, '2025-06-26 20:13:15', NULL, 0),
(4, 34, 7, '2025-06-26 20:13:31', NULL, 0),
(5, 31, 12, '2025-06-26 20:14:20', '2025-07-04 08:52:16', 1),
(6, 31, 13, '2025-07-03 13:28:18', NULL, 0),
(7, 31, 14, '2025-07-03 13:28:18', NULL, 0),
(8, 31, 10, '2025-07-03 13:28:18', NULL, 0),
(9, 36, 5, '2025-07-03 13:54:13', NULL, 0),
(10, 36, 7, '2025-07-03 13:54:13', NULL, 0),
(11, 36, 8, '2025-07-03 13:54:13', NULL, 0),
(12, 36, 9, '2025-07-03 13:54:13', NULL, 0),
(13, 31, 11, '2025-07-03 14:03:22', NULL, 0),
(14, 31, 5, '2025-07-04 21:03:20', NULL, 0);

--
-- Contraintes pour les tables déchargées
--

--
-- Contraintes pour la table `cart_item`
--
ALTER TABLE `cart_item`
  ADD CONSTRAINT `FK_F0FE252740AEF4B9` FOREIGN KEY (`cursus_id`) REFERENCES `cursus` (`id`),
  ADD CONSTRAINT `FK_F0FE2527A76ED395` FOREIGN KEY (`user_id`) REFERENCES `user` (`id`),
  ADD CONSTRAINT `FK_F0FE2527CDF80196` FOREIGN KEY (`lesson_id`) REFERENCES `lesson` (`id`);

--
-- Contraintes pour la table `cursus`
--
ALTER TABLE `cursus`
  ADD CONSTRAINT `FK_255A0C359027487` FOREIGN KEY (`theme_id`) REFERENCES `theme` (`id`),
  ADD CONSTRAINT `FK_255A0C3896DBBDE` FOREIGN KEY (`updated_by_id`) REFERENCES `user` (`id`),
  ADD CONSTRAINT `FK_255A0C3B03A8386` FOREIGN KEY (`created_by_id`) REFERENCES `user` (`id`);

--
-- Contraintes pour la table `lesson`
--
ALTER TABLE `lesson`
  ADD CONSTRAINT `FK_F87474F340AEF4B9` FOREIGN KEY (`cursus_id`) REFERENCES `cursus` (`id`),
  ADD CONSTRAINT `FK_F87474F3896DBBDE` FOREIGN KEY (`updated_by_id`) REFERENCES `user` (`id`),
  ADD CONSTRAINT `FK_F87474F3B03A8386` FOREIGN KEY (`created_by_id`) REFERENCES `user` (`id`);

--
-- Contraintes pour la table `orders`
--
ALTER TABLE `orders`
  ADD CONSTRAINT `FK_E52FFDEEA76ED395` FOREIGN KEY (`user_id`) REFERENCES `user` (`id`);

--
-- Contraintes pour la table `order_item`
--
ALTER TABLE `order_item`
  ADD CONSTRAINT `FK_52EA1F0940AEF4B9` FOREIGN KEY (`cursus_id`) REFERENCES `cursus` (`id`),
  ADD CONSTRAINT `FK_52EA1F098D9F6D38` FOREIGN KEY (`order_id`) REFERENCES `orders` (`id`),
  ADD CONSTRAINT `FK_52EA1F09CDF80196` FOREIGN KEY (`lesson_id`) REFERENCES `lesson` (`id`);

--
-- Contraintes pour la table `theme`
--
ALTER TABLE `theme`
  ADD CONSTRAINT `FK_9775E708896DBBDE` FOREIGN KEY (`updated_by_id`) REFERENCES `user` (`id`),
  ADD CONSTRAINT `FK_9775E708B03A8386` FOREIGN KEY (`created_by_id`) REFERENCES `user` (`id`);

--
-- Contraintes pour la table `user`
--
ALTER TABLE `user`
  ADD CONSTRAINT `FK_8D93D649896DBBDE` FOREIGN KEY (`updated_by_id`) REFERENCES `user` (`id`),
  ADD CONSTRAINT `FK_8D93D649B03A8386` FOREIGN KEY (`created_by_id`) REFERENCES `user` (`id`);

--
-- Contraintes pour la table `user_certification`
--
ALTER TABLE `user_certification`
  ADD CONSTRAINT `FK_82B2C02540AEF4B9` FOREIGN KEY (`cursus_id`) REFERENCES `cursus` (`id`) ON DELETE CASCADE,
  ADD CONSTRAINT `FK_82B2C025A76ED395` FOREIGN KEY (`user_id`) REFERENCES `user` (`id`) ON DELETE CASCADE;

--
-- Contraintes pour la table `user_lesson`
--
ALTER TABLE `user_lesson`
  ADD CONSTRAINT `FK_9D266FCEA76ED395` FOREIGN KEY (`user_id`) REFERENCES `user` (`id`) ON DELETE CASCADE,
  ADD CONSTRAINT `FK_9D266FCECDF80196` FOREIGN KEY (`lesson_id`) REFERENCES `lesson` (`id`) ON DELETE CASCADE;
COMMIT;

/*!40101 SET CHARACTER_SET_CLIENT=@OLD_CHARACTER_SET_CLIENT */;
/*!40101 SET CHARACTER_SET_RESULTS=@OLD_CHARACTER_SET_RESULTS */;
/*!40101 SET COLLATION_CONNECTION=@OLD_COLLATION_CONNECTION */;
